"from","to","n"
"Afghanistan","Brazil",74
"Afghanistan","Cameroon",5
"Afghanistan","Central African Republic",4
"Afghanistan","Colombia",13
"Afghanistan","Congo",63
"Afghanistan","Eritrea",821
"Afghanistan","Ethiopia",67
"Afghanistan","Ghana",79
"Afghanistan","Ivory Coast (Cote d'Ivoire)",6
"Afghanistan","Kenya",98
"Afghanistan","Mali",3
"Afghanistan","Mauritania",6
"Afghanistan","Niger",4
"Afghanistan","Nigeria",16
"Afghanistan","Panama",27
"Afghanistan","Rwanda",19
"Afghanistan","Senegal",66
"Afghanistan","Somalia",22
"Afghanistan","South Sudan",55
"Afghanistan","Sudan",1733
"Afghanistan","Tanzania",553
"Afghanistan","Uganda",354
"Afghanistan","Zambia",29
"Bahrain","Angola",46
"Bahrain","Argentina",119
"Bahrain","Benin",8
"Bahrain","Bolivia",6
"Bahrain","Brazil",938
"Bahrain","Burkina Faso",15
"Bahrain","Burundi",10
"Bahrain","Cameroon",107
"Bahrain","Chad",28
"Bahrain","Colombia",186
"Bahrain","Congo",8
"Bahrain","Ecuador",26
"Bahrain","Eritrea",134
"Bahrain","Ethiopia",6602
"Bahrain","Gabon",33
"Bahrain","Gambia",2
"Bahrain","Ghana",647
"Bahrain","Ivory Coast (Cote d'Ivoire)",81
"Bahrain","Kenya",3144
"Bahrain","Liberia",2
"Bahrain","Mali",23
"Bahrain","Mauritania",50
"Bahrain","Niger",4
"Bahrain","Nigeria",570
"Bahrain","Panama",335
"Bahrain","Peru",49
"Bahrain","Rwanda",4
"Bahrain","Senegal",73
"Bahrain","Sierra Leone",22
"Bahrain","Somalia",74
"Bahrain","South Sudan",37
"Bahrain","Sudan",21226
"Bahrain","Tanzania",534
"Bahrain","Togo",15
"Bahrain","Trinidad and Tobago",97
"Bahrain","Uganda",330
"Bahrain","Venezuela",73
"Bahrain","Zambia",54
"Bangladesh","Angola",48
"Bangladesh","Argentina",368
"Bangladesh","Benin",46
"Bangladesh","Bolivia",3
"Bangladesh","Brazil",1178
"Bangladesh","Burkina Faso",25
"Bangladesh","Burundi",9
"Bangladesh","Cameroon",87
"Bangladesh","Chad",201
"Bangladesh","Colombia",365
"Bangladesh","Congo",50
"Bangladesh","Democratic Republic of the Congo",50
"Bangladesh","Eritrea",864
"Bangladesh","Ethiopia",863
"Bangladesh","Gabon",16
"Bangladesh","Gambia",58
"Bangladesh","Ghana",151
"Bangladesh","Guinea",15
"Bangladesh","Ivory Coast (Cote d'Ivoire)",207
"Bangladesh","Kenya",1024
"Bangladesh","Liberia",210
"Bangladesh","Mali",219
"Bangladesh","Mauritania",35
"Bangladesh","Niger",2
"Bangladesh","Nigeria",999
"Bangladesh","Panama",169
"Bangladesh","Paraguay",24
"Bangladesh","Peru",67
"Bangladesh","Rwanda",49
"Bangladesh","Senegal",97
"Bangladesh","Sierra Leone",35
"Bangladesh","Somalia",203
"Bangladesh","South Sudan",551
"Bangladesh","Sudan",4495
"Bangladesh","Tanzania",378
"Bangladesh","Togo",7
"Bangladesh","Trinidad and Tobago",9
"Bangladesh","Uganda",963
"Bangladesh","Venezuela",22
"Bangladesh","Zambia",258
"Brunei Darussalam","Nigeria",9
"Brunei Darussalam","Panama",16
"Brunei Darussalam","Peru",5
"Brunei Darussalam","Sudan",52
"Brunei Darussalam","Trinidad and Tobago",4
"Cambodia","Angola",19
"Cambodia","Argentina",58
"Cambodia","Benin",7
"Cambodia","Bolivia",6
"Cambodia","Brazil",136
"Cambodia","Burkina Faso",13
"Cambodia","Cameroon",17
"Cambodia","Chad",2
"Cambodia","Colombia",42
"Cambodia","Congo",2
"Cambodia","Democratic Republic of the Congo",4
"Cambodia","Ecuador",31
"Cambodia","Ethiopia",70
"Cambodia","Gabon",2
"Cambodia","Ghana",34
"Cambodia","Guinea",6
"Cambodia","Ivory Coast (Cote d'Ivoire)",14
"Cambodia","Kenya",206
"Cambodia","Mali",15
"Cambodia","Niger",2
"Cambodia","Nigeria",1168
"Cambodia","Panama",3
"Cambodia","Peru",18
"Cambodia","Rwanda",11
"Cambodia","Senegal",20
"Cambodia","Sierra Leone",12
"Cambodia","South Sudan",13
"Cambodia","Sudan",24
"Cambodia","Suriname",4
"Cambodia","Tanzania",128
"Cambodia","Togo",2
"Cambodia","Uganda",162
"Cambodia","Zambia",76
"China","Angola",22736
"China","Argentina",34933
"China","Benin",3505
"China","Bolivia",5095
"China","Brazil",94667
"China","Burkina Faso",2154
"China","Burundi",1354
"China","Cameroon",13216
"China","Central African Republic",859
"China","Chad",5539
"China","Colombia",12305
"China","Congo",9979
"China","Democratic Republic of the Congo",17862
"China","Ecuador",13939
"China","Equatorial Guinea",10482
"China","Eritrea",999
"China","Ethiopia",73735
"China","French Guiana",4
"China","Gabon",9088
"China","Gambia",583
"China","Ghana",33569
"China","Guinea",8310
"China","Guinea Bissau",110
"China","Guyana",8
"China","Ivory Coast (Cote d'Ivoire)",10922
"China","Kenya",66038
"China","Liberia",2669
"China","Mali",6221
"China","Mauritania",4249
"China","Niger",5202
"China","Nigeria",78413
"China","Panama",17760
"China","Paraguay",327
"China","Peru",18984
"China","Rwanda",4655
"China","Sao Tome and Principe",44
"China","Senegal",10463
"China","Sierra Leone",4925
"China","Somalia",218
"China","South Sudan",4253
"China","Sudan",15586
"China","Suriname",1330
"China","Tanzania",31636
"China","Togo",5278
"China","Trinidad and Tobago",136
"China","Uganda",27280
"China","Venezuela",22460
"China","Zambia",27197
"Cyprus","Angola",100
"Cyprus","Argentina",322
"Cyprus","Benin",4
"Cyprus","Bolivia",14
"Cyprus","Brazil",630
"Cyprus","Burkina Faso",6
"Cyprus","Cameroon",256
"Cyprus","Chad",6
"Cyprus","Colombia",28
"Cyprus","Congo",14
"Cyprus","Democratic Republic of the Congo",53
"Cyprus","Ecuador",18
"Cyprus","Ethiopia",188
"Cyprus","Gabon",2
"Cyprus","Gambia",5
"Cyprus","Ghana",302
"Cyprus","Guinea",3
"Cyprus","Ivory Coast (Cote d'Ivoire)",47
"Cyprus","Kenya",1203
"Cyprus","Mali",30
"Cyprus","Nigeria",2307
"Cyprus","Panama",22
"Cyprus","Peru",40
"Cyprus","Rwanda",59
"Cyprus","Senegal",58
"Cyprus","Somalia",13
"Cyprus","South Sudan",28
"Cyprus","Sudan",235
"Cyprus","Tanzania",261
"Cyprus","Togo",8
"Cyprus","Trinidad and Tobago",9
"Cyprus","Uganda",276
"Cyprus","Venezuela",43
"Cyprus","Zambia",310
"East Timor","Angola",3
"Fiji","Angola",2
"Fiji","Argentina",151
"Fiji","Brazil",60
"Fiji","Burkina Faso",2
"Fiji","Cameroon",6
"Fiji","Colombia",4
"Fiji","Ethiopia",9
"Fiji","Ghana",13
"Fiji","Guyana",3
"Fiji","Kenya",58
"Fiji","Mali",4
"Fiji","Nigeria",84
"Fiji","Peru",21
"Fiji","Sudan",2
"Fiji","Tanzania",3
"Fiji","Togo",4
"Fiji","Uganda",11
"Fiji","Zambia",10
"Hong Kong","Angola",1519
"Hong Kong","Argentina",7753
"Hong Kong","Benin",428
"Hong Kong","Bolivia",382
"Hong Kong","Brazil",23466
"Hong Kong","Burkina Faso",356
"Hong Kong","Burundi",94
"Hong Kong","Cameroon",2019
"Hong Kong","Central African Republic",47
"Hong Kong","Chad",216
"Hong Kong","Colombia",4894
"Hong Kong","Congo",1371
"Hong Kong","Democratic Republic of the Congo",2056
"Hong Kong","Ecuador",1687
"Hong Kong","Equatorial Guinea",379
"Hong Kong","Eritrea",71
"Hong Kong","Ethiopia",8354
"Hong Kong","French Guiana",12
"Hong Kong","Gabon",1165
"Hong Kong","Gambia",25
"Hong Kong","Ghana",4537
"Hong Kong","Guinea",544
"Hong Kong","Guinea Bissau",2
"Hong Kong","Guyana",2
"Hong Kong","Ivory Coast (Cote d'Ivoire)",1768
"Hong Kong","Kenya",8969
"Hong Kong","Liberia",111
"Hong Kong","Mali",1452
"Hong Kong","Mauritania",538
"Hong Kong","Niger",207
"Hong Kong","Nigeria",7389
"Hong Kong","Panama",2054
"Hong Kong","Paraguay",97
"Hong Kong","Peru",6887
"Hong Kong","Rwanda",778
"Hong Kong","Senegal",1868
"Hong Kong","Sierra Leone",142
"Hong Kong","Somalia",70
"Hong Kong","South Sudan",108
"Hong Kong","Sudan",837
"Hong Kong","Suriname",321
"Hong Kong","Tanzania",6962
"Hong Kong","Togo",1343
"Hong Kong","Trinidad and Tobago",80
"Hong Kong","Uganda",4175
"Hong Kong","Venezuela",1683
"Hong Kong","Zambia",5742
"India","Angola",6470
"India","Argentina",7854
"India","Benin",2919
"India","Bolivia",279
"India","Brazil",29618
"India","Burkina Faso",1701
"India","Burundi",546
"India","Cameroon",2529
"India","Central African Republic",360
"India","Chad",1074
"India","Colombia",4863
"India","Congo",3569
"India","Democratic Republic of the Congo",7958
"India","Ecuador",2378
"India","Equatorial Guinea",388
"India","Eritrea",934
"India","Ethiopia",37113
"India","Gabon",3428
"India","Gambia",352
"India","Ghana",13681
"India","Guinea",876
"India","Guinea Bissau",126
"India","Guyana",159
"India","Ivory Coast (Cote d'Ivoire)",9615
"India","Kenya",113473
"India","Liberia",1522
"India","Mali",2327
"India","Mauritania",964
"India","Niger",1384
"India","Nigeria",59206
"India","Panama",3906
"India","Paraguay",159
"India","Peru",2755
"India","Rwanda",4647
"India","Senegal",5491
"India","Sierra Leone",1460
"India","Somalia",864
"India","South Sudan",3474
"India","Sudan",10772
"India","Suriname",440
"India","Tanzania",62505
"India","Togo",2691
"India","Trinidad and Tobago",1031
"India","Uganda",49218
"India","Venezuela",457
"India","Zambia",26363
"Indonesia","Angola",617
"Indonesia","Argentina",1008
"Indonesia","Benin",42
"Indonesia","Bolivia",14
"Indonesia","Brazil",6987
"Indonesia","Burkina Faso",128
"Indonesia","Burundi",11
"Indonesia","Cameroon",204
"Indonesia","Central African Republic",18
"Indonesia","Chad",41
"Indonesia","Colombia",385
"Indonesia","Congo",117
"Indonesia","Democratic Republic of the Congo",62
"Indonesia","Ecuador",313
"Indonesia","Equatorial Guinea",94
"Indonesia","Eritrea",273
"Indonesia","Ethiopia",491
"Indonesia","Gabon",1060
"Indonesia","Ghana",687
"Indonesia","Guinea",969
"Indonesia","Guinea Bissau",2
"Indonesia","Guyana",29
"Indonesia","Ivory Coast (Cote d'Ivoire)",248
"Indonesia","Kenya",1736
"Indonesia","Liberia",183
"Indonesia","Mali",383
"Indonesia","Mauritania",37
"Indonesia","Niger",24
"Indonesia","Nigeria",5448
"Indonesia","Panama",321
"Indonesia","Paraguay",9
"Indonesia","Peru",1509
"Indonesia","Rwanda",82
"Indonesia","Senegal",454
"Indonesia","Sierra Leone",18
"Indonesia","Somalia",11
"Indonesia","South Sudan",98
"Indonesia","Sudan",1050
"Indonesia","Suriname",79
"Indonesia","Tanzania",967
"Indonesia","Togo",12
"Indonesia","Trinidad and Tobago",17
"Indonesia","Uganda",584
"Indonesia","Venezuela",151
"Indonesia","Zambia",294
"Iran","Angola",82
"Iran","Argentina",111
"Iran","Benin",8
"Iran","Bolivia",2
"Iran","Brazil",902
"Iran","Burkina Faso",2
"Iran","Burundi",24
"Iran","Cameroon",51
"Iran","Chad",16
"Iran","Colombia",51
"Iran","Congo",88
"Iran","Democratic Republic of the Congo",119
"Iran","Ecuador",34
"Iran","Eritrea",1649
"Iran","Ethiopia",256
"Iran","French Guiana",22
"Iran","Gabon",43
"Iran","Ghana",192
"Iran","Guinea",2
"Iran","Ivory Coast (Cote d'Ivoire)",147
"Iran","Kenya",575
"Iran","Mali",9
"Iran","Mauritania",20
"Iran","Niger",8
"Iran","Nigeria",355
"Iran","Panama",8
"Iran","Paraguay",3
"Iran","Peru",9
"Iran","Rwanda",82
"Iran","Senegal",137
"Iran","Sierra Leone",21
"Iran","Somalia",178
"Iran","South Sudan",122
"Iran","Sudan",3687
"Iran","Tanzania",1391
"Iran","Togo",2
"Iran","Trinidad and Tobago",27
"Iran","Uganda",637
"Iran","Venezuela",45
"Iran","Zambia",55
"Iraq","Argentina",32
"Iraq","Benin",2
"Iraq","Brazil",344
"Iraq","Burkina Faso",5
"Iraq","Cameroon",31
"Iraq","Chad",23
"Iraq","Colombia",67
"Iraq","Congo",45
"Iraq","Democratic Republic of the Congo",19
"Iraq","Eritrea",653
"Iraq","Ethiopia",330
"Iraq","Ghana",125
"Iraq","Ivory Coast (Cote d'Ivoire)",73
"Iraq","Kenya",1455
"Iraq","Mali",22
"Iraq","Mauritania",30
"Iraq","Niger",15
"Iraq","Nigeria",184
"Iraq","Panama",17
"Iraq","Peru",4
"Iraq","Rwanda",40
"Iraq","Senegal",22
"Iraq","Sierra Leone",2
"Iraq","Somalia",175
"Iraq","South Sudan",56
"Iraq","Sudan",5419
"Iraq","Tanzania",883
"Iraq","Togo",1
"Iraq","Trinidad and Tobago",2
"Iraq","Uganda",1126
"Iraq","Venezuela",7
"Iraq","Zambia",35
"Japan","Angola",791
"Japan","Argentina",14262
"Japan","Benin",797
"Japan","Bolivia",5198
"Japan","Brazil",79505
"Japan","Burkina Faso",768
"Japan","Burundi",6
"Japan","Cameroon",991
"Japan","Central African Republic",11
"Japan","Chad",49
"Japan","Colombia",6349
"Japan","Congo",106
"Japan","Democratic Republic of the Congo",807
"Japan","Ecuador",2763
"Japan","Equatorial Guinea",8
"Japan","Eritrea",78
"Japan","Ethiopia",2529
"Japan","French Guiana",39
"Japan","Gabon",378
"Japan","Gambia",2
"Japan","Ghana",2493
"Japan","Guinea",247
"Japan","Guinea Bissau",4
"Japan","Guyana",15
"Japan","Ivory Coast (Cote d'Ivoire)",1787
"Japan","Kenya",9143
"Japan","Liberia",10
"Japan","Mali",351
"Japan","Mauritania",310
"Japan","Niger",138
"Japan","Nigeria",2832
"Japan","Panama",2221
"Japan","Paraguay",1190
"Japan","Peru",26612
"Japan","Rwanda",861
"Japan","Senegal",2213
"Japan","Sierra Leone",89
"Japan","Somalia",6
"Japan","South Sudan",223
"Japan","Sudan",2197
"Japan","Suriname",2
"Japan","Tanzania",3991
"Japan","Togo",119
"Japan","Trinidad and Tobago",559
"Japan","Uganda",2533
"Japan","Venezuela",1291
"Japan","Zambia",1493
"Jordan","Angola",90
"Jordan","Argentina",253
"Jordan","Benin",50
"Jordan","Bolivia",15
"Jordan","Brazil",2413
"Jordan","Burkina Faso",49
"Jordan","Burundi",7
"Jordan","Cameroon",94
"Jordan","Central African Republic",117
"Jordan","Chad",366
"Jordan","Colombia",196
"Jordan","Congo",30
"Jordan","Democratic Republic of the Congo",46
"Jordan","Ecuador",22
"Jordan","Equatorial Guinea",53
"Jordan","Eritrea",73
"Jordan","Ethiopia",1565
"Jordan","Gabon",28
"Jordan","Gambia",2
"Jordan","Ghana",1062
"Jordan","Guinea",10
"Jordan","Guinea Bissau",2
"Jordan","Ivory Coast (Cote d'Ivoire)",360
"Jordan","Kenya",5872
"Jordan","Liberia",4
"Jordan","Mali",132
"Jordan","Mauritania",271
"Jordan","Niger",306
"Jordan","Nigeria",1201
"Jordan","Panama",152
"Jordan","Paraguay",2
"Jordan","Peru",56
"Jordan","Rwanda",79
"Jordan","Senegal",517
"Jordan","Sierra Leone",6
"Jordan","Somalia",170
"Jordan","South Sudan",133
"Jordan","Sudan",18719
"Jordan","Tanzania",682
"Jordan","Togo",31
"Jordan","Uganda",1256
"Jordan","Venezuela",244
"Jordan","Zambia",188
"Kazakhstan","Angola",4
"Kazakhstan","Argentina",106
"Kazakhstan","Brazil",725
"Kazakhstan","Burkina Faso",10
"Kazakhstan","Burundi",11
"Kazakhstan","Cameroon",75
"Kazakhstan","Chad",17
"Kazakhstan","Colombia",173
"Kazakhstan","Congo",4
"Kazakhstan","Democratic Republic of the Congo",9
"Kazakhstan","Ecuador",19
"Kazakhstan","Eritrea",390
"Kazakhstan","Ethiopia",36
"Kazakhstan","Gabon",97
"Kazakhstan","Gambia",1
"Kazakhstan","Ghana",100
"Kazakhstan","Ivory Coast (Cote d'Ivoire)",39
"Kazakhstan","Kenya",119
"Kazakhstan","Liberia",4
"Kazakhstan","Nigeria",178
"Kazakhstan","Panama",38
"Kazakhstan","Peru",93
"Kazakhstan","Rwanda",29
"Kazakhstan","Senegal",25
"Kazakhstan","South Sudan",17
"Kazakhstan","Sudan",1070
"Kazakhstan","Tanzania",317
"Kazakhstan","Togo",15
"Kazakhstan","Uganda",287
"Kazakhstan","Venezuela",27
"Kuwait","Angola",13
"Kuwait","Argentina",173
"Kuwait","Benin",336
"Kuwait","Bolivia",4
"Kuwait","Brazil",753
"Kuwait","Burkina Faso",170
"Kuwait","Burundi",2
"Kuwait","Cameroon",1367
"Kuwait","Central African Republic",3
"Kuwait","Chad",117
"Kuwait","Colombia",130
"Kuwait","Congo",49
"Kuwait","Democratic Republic of the Congo",42
"Kuwait","Ecuador",89
"Kuwait","Equatorial Guinea",155
"Kuwait","Eritrea",487
"Kuwait","Ethiopia",20084
"Kuwait","Gabon",32
"Kuwait","Gambia",23
"Kuwait","Ghana",5306
"Kuwait","Guinea",31
"Kuwait","Guinea Bissau",7
"Kuwait","Ivory Coast (Cote d'Ivoire)",806
"Kuwait","Kenya",1265
"Kuwait","Liberia",4
"Kuwait","Mali",466
"Kuwait","Mauritania",269
"Kuwait","Niger",170
"Kuwait","Nigeria",963
"Kuwait","Panama",172
"Kuwait","Paraguay",24
"Kuwait","Peru",19
"Kuwait","Rwanda",37
"Kuwait","Senegal",466
"Kuwait","Sierra Leone",213
"Kuwait","Somalia",558
"Kuwait","South Sudan",43
"Kuwait","Sudan",15795
"Kuwait","Suriname",2
"Kuwait","Tanzania",2589
"Kuwait","Togo",243
"Kuwait","Trinidad and Tobago",60
"Kuwait","Uganda",876
"Kuwait","Venezuela",163
"Kuwait","Zambia",67
"Kyrgyzstan","Argentina",37
"Kyrgyzstan","Benin",3
"Kyrgyzstan","Brazil",16
"Kyrgyzstan","Colombia",2
"Kyrgyzstan","Eritrea",4
"Kyrgyzstan","Ethiopia",16
"Kyrgyzstan","Gabon",44
"Kyrgyzstan","Ghana",4
"Kyrgyzstan","Ivory Coast (Cote d'Ivoire)",10
"Kyrgyzstan","Kenya",14
"Kyrgyzstan","Liberia",3
"Kyrgyzstan","Mali",8
"Kyrgyzstan","Nigeria",6
"Kyrgyzstan","Rwanda",8
"Kyrgyzstan","Senegal",8
"Kyrgyzstan","South Sudan",45
"Kyrgyzstan","Sudan",743
"Kyrgyzstan","Tanzania",301
"Kyrgyzstan","Uganda",8
"Laos","Benin",5
"Laos","Brazil",42
"Laos","Cameroon",6
"Laos","Colombia",25
"Laos","Democratic Republic of the Congo",2
"Laos","Ethiopia",16
"Laos","Gambia",2
"Laos","Ghana",4
"Laos","Ivory Coast (Cote d'Ivoire)",3
"Laos","Kenya",10
"Laos","Mali",7
"Laos","Nigeria",4
"Laos","Panama",11
"Laos","Peru",4
"Laos","Rwanda",6
"Laos","Sudan",5
"Laos","Tanzania",9
"Laos","Uganda",22
"Laos","Zambia",3
"Lebanon","Angola",1612
"Lebanon","Argentina",985
"Lebanon","Benin",2728
"Lebanon","Bolivia",195
"Lebanon","Brazil",13775
"Lebanon","Burkina Faso",1896
"Lebanon","Burundi",180
"Lebanon","Cameroon",3243
"Lebanon","Central African Republic",136
"Lebanon","Chad",663
"Lebanon","Colombia",1622
"Lebanon","Congo",8543
"Lebanon","Democratic Republic of the Congo",4795
"Lebanon","Ecuador",272
"Lebanon","Equatorial Guinea",2340
"Lebanon","Eritrea",191
"Lebanon","Ethiopia",46333
"Lebanon","French Guiana",5
"Lebanon","Gabon",4047
"Lebanon","Gambia",529
"Lebanon","Ghana",10511
"Lebanon","Guinea",1251
"Lebanon","Guinea Bissau",160
"Lebanon","Ivory Coast (Cote d'Ivoire)",15552
"Lebanon","Kenya",12299
"Lebanon","Liberia",2851
"Lebanon","Mali",1361
"Lebanon","Mauritania",1547
"Lebanon","Niger",518
"Lebanon","Nigeria",15724
"Lebanon","Panama",1400
"Lebanon","Paraguay",192
"Lebanon","Peru",126
"Lebanon","Rwanda",221
"Lebanon","Sao Tome and Principe",3
"Lebanon","Senegal",3757
"Lebanon","Sierra Leone",1996
"Lebanon","Somalia",286
"Lebanon","South Sudan",1339
"Lebanon","Sudan",20246
"Lebanon","Tanzania",2662
"Lebanon","Togo",1899
"Lebanon","Trinidad and Tobago",29
"Lebanon","Uganda",1744
"Lebanon","Venezuela",6903
"Lebanon","Zambia",2738
"Macau","Angola",26
"Macau","Brazil",24
"Macau","Ethiopia",6
"Macau","Ghana",8
"Macau","Kenya",4
"Macau","Panama",13
"Macau","Senegal",4
"Macau","Uganda",4
"Malaysia","Angola",777
"Malaysia","Argentina",1484
"Malaysia","Benin",30
"Malaysia","Bolivia",25
"Malaysia","Brazil",5977
"Malaysia","Burkina Faso",70
"Malaysia","Burundi",12
"Malaysia","Cameroon",416
"Malaysia","Chad",130
"Malaysia","Colombia",583
"Malaysia","Congo",1178
"Malaysia","Democratic Republic of the Congo",101
"Malaysia","Ecuador",318
"Malaysia","Equatorial Guinea",571
"Malaysia","Eritrea",3
"Malaysia","Ethiopia",864
"Malaysia","Gabon",4629
"Malaysia","Gambia",8
"Malaysia","Ghana",1536
"Malaysia","Guinea",138
"Malaysia","Guinea Bissau",8
"Malaysia","Guyana",1
"Malaysia","Ivory Coast (Cote d'Ivoire)",979
"Malaysia","Kenya",5286
"Malaysia","Liberia",692
"Malaysia","Mali",55
"Malaysia","Mauritania",74
"Malaysia","Niger",33
"Malaysia","Nigeria",13894
"Malaysia","Panama",320
"Malaysia","Paraguay",17
"Malaysia","Peru",1074
"Malaysia","Rwanda",175
"Malaysia","Senegal",750
"Malaysia","Sierra Leone",29
"Malaysia","Somalia",222
"Malaysia","South Sudan",379
"Malaysia","Sudan",3987
"Malaysia","Suriname",260
"Malaysia","Tanzania",1991
"Malaysia","Togo",94
"Malaysia","Trinidad and Tobago",119
"Malaysia","Uganda",1077
"Malaysia","Venezuela",138
"Malaysia","Zambia",727
"Maldives","Angola",4
"Maldives","Argentina",240
"Maldives","Benin",4
"Maldives","Brazil",1397
"Maldives","Burkina Faso",3
"Maldives","Eritrea",11
"Maldives","Ethiopia",4
"Maldives","Gabon",12
"Maldives","Ghana",23
"Maldives","Ivory Coast (Cote d'Ivoire)",15
"Maldives","Kenya",268
"Maldives","Mauritania",8
"Maldives","Nigeria",205
"Maldives","Panama",108
"Maldives","Senegal",15
"Maldives","Sudan",119
"Maldives","Tanzania",94
"Maldives","Uganda",21
"Maldives","Zambia",16
"Marshall Islands","Argentina",4
"Marshall Islands","Kenya",3
"Micronesia","Argentina",2
"Micronesia","Brazil",12
"Micronesia","Cameroon",3
"Micronesia","Kenya",5
"Mongolia","Argentina",5
"Mongolia","Brazil",81
"Mongolia","Burkina Faso",15
"Mongolia","Chad",4
"Mongolia","Colombia",28
"Mongolia","Congo",29
"Mongolia","Ecuador",10
"Mongolia","Ethiopia",6
"Mongolia","Ghana",8
"Mongolia","Kenya",31
"Mongolia","Mauritania",9
"Mongolia","Nigeria",21
"Mongolia","Panama",4
"Mongolia","Peru",18
"Mongolia","Rwanda",17
"Mongolia","Sudan",4
"Mongolia","Suriname",5
"Mongolia","Tanzania",7
"Mongolia","Uganda",8
"Mongolia","Zambia",1
"Myanmar","Angola",34
"Myanmar","Argentina",13
"Myanmar","Brazil",117
"Myanmar","Burkina Faso",6
"Myanmar","Colombia",33
"Myanmar","Congo",3
"Myanmar","Ecuador",7
"Myanmar","Ethiopia",29
"Myanmar","Gabon",2
"Myanmar","Ghana",73
"Myanmar","Ivory Coast (Cote d'Ivoire)",42
"Myanmar","Kenya",249
"Myanmar","Nigeria",42
"Myanmar","Panama",4
"Myanmar","Peru",8
"Myanmar","Rwanda",4
"Myanmar","Senegal",30
"Myanmar","South Sudan",18
"Myanmar","Sudan",39
"Myanmar","Tanzania",119
"Myanmar","Togo",7
"Myanmar","Uganda",26
"Myanmar","Zambia",15
"Nepal","Angola",18
"Nepal","Argentina",221
"Nepal","Benin",4
"Nepal","Bolivia",8
"Nepal","Brazil",472
"Nepal","Burundi",7
"Nepal","Cameroon",6
"Nepal","Colombia",17
"Nepal","Congo",2
"Nepal","Ecuador",2
"Nepal","Equatorial Guinea",5
"Nepal","Eritrea",18
"Nepal","Ethiopia",168
"Nepal","Gambia",2
"Nepal","Ghana",203
"Nepal","Ivory Coast (Cote d'Ivoire)",47
"Nepal","Kenya",617
"Nepal","Liberia",9
"Nepal","Mali",39
"Nepal","Mauritania",9
"Nepal","Niger",10
"Nepal","Nigeria",147
"Nepal","Paraguay",6
"Nepal","Peru",13
"Nepal","Rwanda",79
"Nepal","Senegal",164
"Nepal","Somalia",4
"Nepal","South Sudan",70
"Nepal","Sudan",402
"Nepal","Tanzania",332
"Nepal","Togo",2
"Nepal","Uganda",419
"Nepal","Zambia",108
"Oman","Angola",31
"Oman","Argentina",135
"Oman","Benin",33
"Oman","Bolivia",5
"Oman","Brazil",1028
"Oman","Burkina Faso",17
"Oman","Burundi",1490
"Oman","Cameroon",193
"Oman","Central African Republic",5
"Oman","Chad",38
"Oman","Colombia",164
"Oman","Congo",7
"Oman","Democratic Republic of the Congo",87
"Oman","Ecuador",191
"Oman","Equatorial Guinea",27
"Oman","Eritrea",38
"Oman","Ethiopia",13553
"Oman","Gabon",72
"Oman","Gambia",10
"Oman","Ghana",463
"Oman","Guinea",13
"Oman","Ivory Coast (Cote d'Ivoire)",82
"Oman","Kenya",6774
"Oman","Mali",57
"Oman","Mauritania",103
"Oman","Niger",8
"Oman","Nigeria",1660
"Oman","Panama",163
"Oman","Peru",86
"Oman","Rwanda",1229
"Oman","Senegal",207
"Oman","Sierra Leone",34
"Oman","Somalia",207
"Oman","South Sudan",70
"Oman","Sudan",12083
"Oman","Tanzania",44592
"Oman","Togo",30
"Oman","Trinidad and Tobago",50
"Oman","Uganda",4568
"Oman","Venezuela",91
"Oman","Zambia",96
"Pakistan","Angola",385
"Pakistan","Argentina",154
"Pakistan","Benin",163
"Pakistan","Bolivia",24
"Pakistan","Brazil",2192
"Pakistan","Burkina Faso",147
"Pakistan","Burundi",23
"Pakistan","Cameroon",181
"Pakistan","Central African Republic",14
"Pakistan","Chad",15
"Pakistan","Colombia",55
"Pakistan","Congo",157
"Pakistan","Democratic Republic of the Congo",817
"Pakistan","Ecuador",33
"Pakistan","Eritrea",1533
"Pakistan","Ethiopia",1113
"Pakistan","Gabon",94
"Pakistan","Gambia",39
"Pakistan","Ghana",582
"Pakistan","Guinea",76
"Pakistan","Guinea Bissau",14
"Pakistan","Guyana",11
"Pakistan","Ivory Coast (Cote d'Ivoire)",712
"Pakistan","Kenya",6083
"Pakistan","Liberia",300
"Pakistan","Mali",261
"Pakistan","Mauritania",317
"Pakistan","Niger",83
"Pakistan","Nigeria",3245
"Pakistan","Panama",78
"Pakistan","Paraguay",4
"Pakistan","Peru",45
"Pakistan","Rwanda",214
"Pakistan","Senegal",372
"Pakistan","Sierra Leone",157
"Pakistan","Somalia",605
"Pakistan","South Sudan",1511
"Pakistan","Sudan",7238
"Pakistan","Suriname",8
"Pakistan","Tanzania",5773
"Pakistan","Togo",115
"Pakistan","Trinidad and Tobago",14
"Pakistan","Uganda",3854
"Pakistan","Venezuela",2
"Pakistan","Zambia",796
"Palau","Argentina",15
"Palau","Brazil",2
"Papua New Guinea","Angola",4
"Papua New Guinea","Bolivia",2
"Papua New Guinea","Colombia",6
"Papua New Guinea","Ethiopia",11
"Papua New Guinea","Ghana",13
"Papua New Guinea","Kenya",48
"Papua New Guinea","Nigeria",25
"Papua New Guinea","Peru",43
"Papua New Guinea","Sierra Leone",2
"Papua New Guinea","Tanzania",45
"Papua New Guinea","Uganda",43
"Philippines","Angola",4314
"Philippines","Argentina",2047
"Philippines","Benin",221
"Philippines","Bolivia",5
"Philippines","Brazil",20521
"Philippines","Burkina Faso",136
"Philippines","Burundi",6
"Philippines","Cameroon",1123
"Philippines","Central African Republic",8
"Philippines","Chad",356
"Philippines","Colombia",666
"Philippines","Congo",1656
"Philippines","Democratic Republic of the Congo",677
"Philippines","Ecuador",647
"Philippines","Equatorial Guinea",758
"Philippines","Eritrea",112
"Philippines","Ethiopia",1021
"Philippines","Gabon",835
"Philippines","Gambia",31
"Philippines","Ghana",2735
"Philippines","Guinea",221
"Philippines","Guinea Bissau",10
"Philippines","Guyana",263
"Philippines","Ivory Coast (Cote d'Ivoire)",3006
"Philippines","Kenya",2055
"Philippines","Liberia",146
"Philippines","Mali",135
"Philippines","Mauritania",670
"Philippines","Niger",33
"Philippines","Nigeria",5737
"Philippines","Panama",5527
"Philippines","Paraguay",5
"Philippines","Peru",1890
"Philippines","Rwanda",249
"Philippines","Senegal",1172
"Philippines","Sierra Leone",130
"Philippines","Somalia",5
"Philippines","South Sudan",95
"Philippines","Sudan",366
"Philippines","Suriname",461
"Philippines","Tanzania",1286
"Philippines","Togo",1844
"Philippines","Trinidad and Tobago",760
"Philippines","Uganda",528
"Philippines","Venezuela",543
"Philippines","Zambia",761
"Qatar","Angola",109
"Qatar","Argentina",1906
"Qatar","Benin",66
"Qatar","Bolivia",103
"Qatar","Brazil",3716
"Qatar","Burkina Faso",136
"Qatar","Burundi",20
"Qatar","Cameroon",533
"Qatar","Central African Republic",8
"Qatar","Chad",83
"Qatar","Colombia",172
"Qatar","Congo",210
"Qatar","Democratic Republic of the Congo",43
"Qatar","Ecuador",149
"Qatar","Equatorial Guinea",25
"Qatar","Eritrea",18487
"Qatar","Ethiopia",10457
"Qatar","Gabon",33
"Qatar","Gambia",49
"Qatar","Ghana",5040
"Qatar","Guinea",168
"Qatar","Guinea Bissau",26
"Qatar","Guyana",5
"Qatar","Ivory Coast (Cote d'Ivoire)",137
"Qatar","Kenya",19479
"Qatar","Liberia",174
"Qatar","Mali",110
"Qatar","Mauritania",1024
"Qatar","Niger",222
"Qatar","Nigeria",8538
"Qatar","Panama",74
"Qatar","Paraguay",18
"Qatar","Peru",224
"Qatar","Rwanda",581
"Qatar","Senegal",396
"Qatar","Sierra Leone",145
"Qatar","Somalia",733
"Qatar","South Sudan",84
"Qatar","Sudan",114048
"Qatar","Tanzania",10085
"Qatar","Togo",69
"Qatar","Trinidad and Tobago",48
"Qatar","Uganda",3055
"Qatar","Venezuela",125
"Qatar","Zambia",59
"Saudi Arabia","Angola",166
"Saudi Arabia","Argentina",666
"Saudi Arabia","Benin",1224
"Saudi Arabia","Bolivia",16
"Saudi Arabia","Brazil",2071
"Saudi Arabia","Burkina Faso",1547
"Saudi Arabia","Burundi",606
"Saudi Arabia","Cameroon",1544
"Saudi Arabia","Central African Republic",62
"Saudi Arabia","Chad",3714
"Saudi Arabia","Colombia",1318
"Saudi Arabia","Congo",393
"Saudi Arabia","Democratic Republic of the Congo",272
"Saudi Arabia","Ecuador",228
"Saudi Arabia","Equatorial Guinea",67
"Saudi Arabia","Eritrea",28677
"Saudi Arabia","Ethiopia",137330
"Saudi Arabia","Gabon",456
"Saudi Arabia","Gambia",707
"Saudi Arabia","Ghana",7539
"Saudi Arabia","Guinea",1091
"Saudi Arabia","Guinea Bissau",52
"Saudi Arabia","Guyana",24
"Saudi Arabia","Ivory Coast (Cote d'Ivoire)",2886
"Saudi Arabia","Kenya",42066
"Saudi Arabia","Liberia",33
"Saudi Arabia","Mali",2525
"Saudi Arabia","Mauritania",3866
"Saudi Arabia","Niger",2525
"Saudi Arabia","Nigeria",62702
"Saudi Arabia","Panama",223
"Saudi Arabia","Paraguay",7
"Saudi Arabia","Peru",97
"Saudi Arabia","Rwanda",346
"Saudi Arabia","Sao Tome and Principe",3
"Saudi Arabia","Senegal",4336
"Saudi Arabia","Sierra Leone",159
"Saudi Arabia","Somalia",15806
"Saudi Arabia","South Sudan",824
"Saudi Arabia","Sudan",538483
"Saudi Arabia","Suriname",5
"Saudi Arabia","Tanzania",4571
"Saudi Arabia","Togo",618
"Saudi Arabia","Trinidad and Tobago",176
"Saudi Arabia","Uganda",3353
"Saudi Arabia","Venezuela",646
"Saudi Arabia","Zambia",732
"Singapore","Angola",1767
"Singapore","Argentina",1736
"Singapore","Benin",38
"Singapore","Bolivia",19
"Singapore","Brazil",11220
"Singapore","Burkina Faso",21
"Singapore","Cameroon",315
"Singapore","Central African Republic",16
"Singapore","Chad",2
"Singapore","Colombia",1034
"Singapore","Congo",356
"Singapore","Democratic Republic of the Congo",19
"Singapore","Ecuador",348
"Singapore","Equatorial Guinea",84
"Singapore","Eritrea",24
"Singapore","Ethiopia",496
"Singapore","French Guiana",4
"Singapore","Gabon",182
"Singapore","Gambia",14
"Singapore","Ghana",2173
"Singapore","Guinea",204
"Singapore","Guinea Bissau",2
"Singapore","Guyana",3
"Singapore","Ivory Coast (Cote d'Ivoire)",1138
"Singapore","Kenya",3090
"Singapore","Liberia",27
"Singapore","Mali",139
"Singapore","Mauritania",51
"Singapore","Niger",22
"Singapore","Nigeria",2485
"Singapore","Panama",892
"Singapore","Paraguay",3
"Singapore","Peru",1241
"Singapore","Rwanda",216
"Singapore","Senegal",339
"Singapore","Sierra Leone",50
"Singapore","South Sudan",12
"Singapore","Sudan",253
"Singapore","Suriname",27
"Singapore","Tanzania",1341
"Singapore","Togo",52
"Singapore","Trinidad and Tobago",84
"Singapore","Uganda",513
"Singapore","Venezuela",185
"Singapore","Zambia",262
"Solomon Islands","Ethiopia",2
"Solomon Islands","Kenya",1
"Solomon Islands","Nigeria",11
"Solomon Islands","Panama",1
"Solomon Islands","Peru",1
"Solomon Islands","Trinidad and Tobago",2
"South Korea","Angola",2617
"South Korea","Argentina",5939
"South Korea","Benin",232
"South Korea","Bolivia",648
"South Korea","Brazil",35241
"South Korea","Burkina Faso",225
"South Korea","Burundi",106
"South Korea","Cameroon",715
"South Korea","Central African Republic",48
"South Korea","Chad",70
"South Korea","Colombia",2151
"South Korea","Congo",125
"South Korea","Democratic Republic of the Congo",519
"South Korea","Ecuador",1799
"South Korea","Equatorial Guinea",586
"South Korea","Eritrea",2
"South Korea","Ethiopia",4203
"South Korea","Gabon",195
"South Korea","Gambia",4
"South Korea","Ghana",3117
"South Korea","Guinea",87
"South Korea","Ivory Coast (Cote d'Ivoire)",948
"South Korea","Kenya",5822
"South Korea","Liberia",21
"South Korea","Mali",129
"South Korea","Mauritania",101
"South Korea","Niger",52
"South Korea","Nigeria",3804
"South Korea","Panama",1294
"South Korea","Paraguay",678
"South Korea","Peru",11388
"South Korea","Rwanda",1029
"South Korea","Senegal",1175
"South Korea","Sierra Leone",38
"South Korea","South Sudan",103
"South Korea","Sudan",314
"South Korea","Suriname",7
"South Korea","Tanzania",3433
"South Korea","Togo",211
"South Korea","Trinidad and Tobago",49
"South Korea","Uganda",2484
"South Korea","Venezuela",567
"South Korea","Zambia",741
"Sri Lanka","Angola",114
"Sri Lanka","Argentina",218
"Sri Lanka","Benin",4
"Sri Lanka","Bolivia",12
"Sri Lanka","Brazil",743
"Sri Lanka","Burkina Faso",8
"Sri Lanka","Burundi",19
"Sri Lanka","Cameroon",57
"Sri Lanka","Central African Republic",20
"Sri Lanka","Colombia",52
"Sri Lanka","Congo",1
"Sri Lanka","Democratic Republic of the Congo",14
"Sri Lanka","Ecuador",12
"Sri Lanka","Equatorial Guinea",7
"Sri Lanka","Eritrea",27
"Sri Lanka","Ethiopia",550
"Sri Lanka","Gabon",181
"Sri Lanka","Gambia",6
"Sri Lanka","Ghana",344
"Sri Lanka","Guinea",17
"Sri Lanka","Guinea Bissau",26
"Sri Lanka","Guyana",11
"Sri Lanka","Ivory Coast (Cote d'Ivoire)",93
"Sri Lanka","Kenya",3182
"Sri Lanka","Liberia",4
"Sri Lanka","Mali",13
"Sri Lanka","Mauritania",66
"Sri Lanka","Nigeria",625
"Sri Lanka","Panama",58
"Sri Lanka","Paraguay",3
"Sri Lanka","Peru",78
"Sri Lanka","Rwanda",156
"Sri Lanka","Senegal",269
"Sri Lanka","Sierra Leone",46
"Sri Lanka","Somalia",9
"Sri Lanka","South Sudan",84
"Sri Lanka","Sudan",1170
"Sri Lanka","Tanzania",961
"Sri Lanka","Trinidad and Tobago",11
"Sri Lanka","Uganda",1783
"Sri Lanka","Venezuela",6
"Sri Lanka","Zambia",436
"Syria","Chad",1
"Syria","Kenya",3
"Syria","South Sudan",31
"Syria","Sudan",14164
"Taiwan","Angola",70
"Taiwan","Argentina",2706
"Taiwan","Benin",2
"Taiwan","Bolivia",4
"Taiwan","Brazil",7877
"Taiwan","Burkina Faso",754
"Taiwan","Cameroon",24
"Taiwan","Chad",20
"Taiwan","Colombia",349
"Taiwan","Congo",15
"Taiwan","Democratic Republic of the Congo",20
"Taiwan","Ecuador",261
"Taiwan","Ethiopia",211
"Taiwan","Gabon",2
"Taiwan","Gambia",5
"Taiwan","Ghana",116
"Taiwan","Guinea",53
"Taiwan","Ivory Coast (Cote d'Ivoire)",139
"Taiwan","Kenya",2440
"Taiwan","Mauritania",11
"Taiwan","Niger",3
"Taiwan","Nigeria",883
"Taiwan","Panama",498
"Taiwan","Paraguay",260
"Taiwan","Peru",1701
"Taiwan","Rwanda",35
"Taiwan","Senegal",196
"Taiwan","Sierra Leone",4
"Taiwan","Sudan",79
"Taiwan","Suriname",36
"Taiwan","Tanzania",357
"Taiwan","Togo",10
"Taiwan","Trinidad and Tobago",2
"Taiwan","Uganda",218
"Taiwan","Venezuela",32
"Taiwan","Zambia",144
"Tajikistan","Brazil",11
"Tajikistan","Cameroon",12
"Tajikistan","Congo",26
"Tajikistan","Democratic Republic of the Congo",1
"Tajikistan","Eritrea",72
"Tajikistan","Ethiopia",24
"Tajikistan","Ghana",7
"Tajikistan","Ivory Coast (Cote d'Ivoire)",4
"Tajikistan","Kenya",104
"Tajikistan","Mali",23
"Tajikistan","Niger",17
"Tajikistan","Nigeria",3
"Tajikistan","Senegal",3
"Tajikistan","Somalia",12
"Tajikistan","South Sudan",80
"Tajikistan","Sudan",333
"Tajikistan","Tanzania",124
"Tajikistan","Uganda",72
"Thailand","Angola",1496
"Thailand","Argentina",13968
"Thailand","Benin",195
"Thailand","Bolivia",15
"Thailand","Brazil",25794
"Thailand","Burkina Faso",308
"Thailand","Burundi",67
"Thailand","Cameroon",1866
"Thailand","Central African Republic",188
"Thailand","Chad",143
"Thailand","Colombia",1631
"Thailand","Congo",490
"Thailand","Democratic Republic of the Congo",352
"Thailand","Ecuador",344
"Thailand","Equatorial Guinea",136
"Thailand","Eritrea",145
"Thailand","Ethiopia",22178
"Thailand","Gabon",809
"Thailand","Gambia",9
"Thailand","Ghana",1934
"Thailand","Guinea",366
"Thailand","Guinea Bissau",23
"Thailand","Guyana",13
"Thailand","Ivory Coast (Cote d'Ivoire)",1095
"Thailand","Kenya",16273
"Thailand","Liberia",136
"Thailand","Mali",650
"Thailand","Mauritania",44
"Thailand","Niger",95
"Thailand","Nigeria",6011
"Thailand","Panama",832
"Thailand","Paraguay",18
"Thailand","Peru",960
"Thailand","Rwanda",813
"Thailand","Senegal",1182
"Thailand","Sierra Leone",94
"Thailand","Somalia",95
"Thailand","South Sudan",645
"Thailand","Sudan",1683
"Thailand","Suriname",8
"Thailand","Tanzania",3245
"Thailand","Togo",327
"Thailand","Trinidad and Tobago",15
"Thailand","Uganda",2373
"Thailand","Venezuela",42
"Thailand","Zambia",791
"Tonga","Argentina",20
"Turkey","Angola",601
"Turkey","Argentina",16141
"Turkey","Benin",1224
"Turkey","Bolivia",112
"Turkey","Brazil",23668
"Turkey","Burkina Faso",2020
"Turkey","Burundi",39
"Turkey","Cameroon",7119
"Turkey","Central African Republic",85
"Turkey","Chad",1925
"Turkey","Colombia",4728
"Turkey","Congo",794
"Turkey","Democratic Republic of the Congo",6080
"Turkey","Ecuador",1128
"Turkey","Equatorial Guinea",136
"Turkey","Eritrea",922
"Turkey","Ethiopia",18382
"Turkey","French Guiana",2
"Turkey","Gabon",6845
"Turkey","Gambia",441
"Turkey","Ghana",9692
"Turkey","Guinea",832
"Turkey","Guinea Bissau",113
"Turkey","Guyana",24
"Turkey","Ivory Coast (Cote d'Ivoire)",3733
"Turkey","Kenya",17807
"Turkey","Liberia",3785
"Turkey","Mali",4700
"Turkey","Mauritania",5005
"Turkey","Niger",2134
"Turkey","Nigeria",34343
"Turkey","Panama",2088
"Turkey","Paraguay",83
"Turkey","Peru",1723
"Turkey","Rwanda",2687
"Turkey","Senegal",6417
"Turkey","Sierra Leone",588
"Turkey","Somalia",3712
"Turkey","South Sudan",291
"Turkey","Sudan",35574
"Turkey","Suriname",159
"Turkey","Tanzania",15540
"Turkey","Togo",1243
"Turkey","Trinidad and Tobago",92
"Turkey","Uganda",7621
"Turkey","Venezuela",1336
"Turkey","Zambia",889
"Turkmenistan","Argentina",2
"Turkmenistan","Brazil",20
"Turkmenistan","Colombia",3
"Turkmenistan","Democratic Republic of the Congo",3
"Turkmenistan","Ecuador",2
"Turkmenistan","Eritrea",608
"Turkmenistan","Ethiopia",9
"Turkmenistan","Ghana",11
"Turkmenistan","Kenya",4
"Turkmenistan","Mauritania",3
"Turkmenistan","Nigeria",6
"Turkmenistan","Rwanda",15
"Turkmenistan","Sudan",180
"Turkmenistan","Tanzania",4
"Turkmenistan","Uganda",42
"Turkmenistan","Zambia",6
"United Arab Emirates","Angola",26826
"United Arab Emirates","Argentina",11945
"United Arab Emirates","Benin",1453
"United Arab Emirates","Bolivia",195
"United Arab Emirates","Brazil",40717
"United Arab Emirates","Burkina Faso",2049
"United Arab Emirates","Burundi",885
"United Arab Emirates","Cameroon",14022
"United Arab Emirates","Central African Republic",566
"United Arab Emirates","Chad",5780
"United Arab Emirates","Colombia",3246
"United Arab Emirates","Congo",20315
"United Arab Emirates","Democratic Republic of the Congo",2669
"United Arab Emirates","Ecuador",1020
"United Arab Emirates","Equatorial Guinea",316
"United Arab Emirates","Eritrea",34414
"United Arab Emirates","Ethiopia",147313
"United Arab Emirates","French Guiana",6
"United Arab Emirates","Gabon",3235
"United Arab Emirates","Gambia",180
"United Arab Emirates","Ghana",31703
"United Arab Emirates","Guinea",1298
"United Arab Emirates","Guinea Bissau",29
"United Arab Emirates","Guyana",21
"United Arab Emirates","Ivory Coast (Cote d'Ivoire)",10224
"United Arab Emirates","Kenya",142133
"United Arab Emirates","Liberia",234
"United Arab Emirates","Mali",4548
"United Arab Emirates","Mauritania",5880
"United Arab Emirates","Niger",4886
"United Arab Emirates","Nigeria",166430
"United Arab Emirates","Panama",1622
"United Arab Emirates","Paraguay",116
"United Arab Emirates","Peru",1049
"United Arab Emirates","Rwanda",11011
"United Arab Emirates","Sao Tome and Principe",2
"United Arab Emirates","Senegal",18680
"United Arab Emirates","Sierra Leone",599
"United Arab Emirates","Somalia",42238
"United Arab Emirates","South Sudan",11618
"United Arab Emirates","Sudan",127753
"United Arab Emirates","Suriname",85
"United Arab Emirates","Tanzania",66922
"United Arab Emirates","Togo",1271
"United Arab Emirates","Trinidad and Tobago",274
"United Arab Emirates","Uganda",53843
"United Arab Emirates","Venezuela",1211
"United Arab Emirates","Zambia",12055
"Uzbekistan","Argentina",6
"Uzbekistan","Brazil",64
"Uzbekistan","Burkina Faso",7
"Uzbekistan","Cameroon",13
"Uzbekistan","Chad",2
"Uzbekistan","Democratic Republic of the Congo",1
"Uzbekistan","Ethiopia",5
"Uzbekistan","Gabon",6
"Uzbekistan","Ghana",8
"Uzbekistan","Kenya",25
"Uzbekistan","Mali",19
"Uzbekistan","Mauritania",13
"Uzbekistan","Nigeria",5
"Uzbekistan","Peru",3
"Uzbekistan","Sudan",67
"Uzbekistan","Tanzania",24
"Uzbekistan","Trinidad and Tobago",33
"Uzbekistan","Uganda",17
"Uzbekistan","Venezuela",1
"Uzbekistan","Zambia",10
"Vanuatu","Argentina",1
"Vietnam","Angola",480
"Vietnam","Argentina",483
"Vietnam","Benin",34
"Vietnam","Bolivia",4
"Vietnam","Brazil",1696
"Vietnam","Burkina Faso",7
"Vietnam","Cameroon",158
"Vietnam","Central African Republic",4
"Vietnam","Colombia",273
"Vietnam","Congo",62
"Vietnam","Democratic Republic of the Congo",126
"Vietnam","Ecuador",52
"Vietnam","Ethiopia",203
"Vietnam","Gabon",23
"Vietnam","Gambia",2
"Vietnam","Ghana",344
"Vietnam","Guinea",41
"Vietnam","Guinea Bissau",11
"Vietnam","Ivory Coast (Cote d'Ivoire)",429
"Vietnam","Kenya",3055
"Vietnam","Liberia",11
"Vietnam","Mali",21
"Vietnam","Nigeria",1927
"Vietnam","Panama",249
"Vietnam","Paraguay",13
"Vietnam","Peru",714
"Vietnam","Rwanda",79
"Vietnam","Senegal",109
"Vietnam","Sierra Leone",8
"Vietnam","Somalia",3
"Vietnam","South Sudan",26
"Vietnam","Sudan",31
"Vietnam","Suriname",2
"Vietnam","Tanzania",406
"Vietnam","Togo",16
"Vietnam","Trinidad and Tobago",2
"Vietnam","Uganda",360
"Vietnam","Venezuela",109
"Vietnam","Zambia",103
"Western Samoa","Brazil",2
"Yemen","Ethiopia",4
"Angola","Bahrain",85
"Angola","Bangladesh",69
"Angola","Cambodia",39
"Angola","China",20808
"Angola","Cyprus",128
"Angola","Hong Kong",1417
"Angola","India",9051
"Angola","Indonesia",726
"Angola","Iran",30
"Angola","Japan",736
"Angola","Jordan",66
"Angola","Kazakhstan",5
"Angola","Kuwait",14
"Angola","Lebanon",1657
"Angola","Macau",24
"Angola","Malaysia",962
"Angola","Maldives",15
"Angola","Myanmar",25
"Angola","Nepal",14
"Angola","Oman",40
"Angola","Pakistan",632
"Angola","Philippines",5997
"Angola","Qatar",66
"Angola","Saudi Arabia",150
"Angola","Singapore",1273
"Angola","South Korea",274
"Angola","Sri Lanka",138
"Angola","Taiwan",23
"Angola","Thailand",1836
"Angola","Turkey",826
"Angola","United Arab Emirates",45301
"Angola","Vietnam",281
"Argentina","Afghanistan",13
"Argentina","Bahrain",134
"Argentina","Bangladesh",239
"Argentina","Cambodia",45
"Argentina","China",38336
"Argentina","Cyprus",384
"Argentina","Fiji",92
"Argentina","Hong Kong",7873
"Argentina","India",7800
"Argentina","Indonesia",829
"Argentina","Iran",75
"Argentina","Iraq",40
"Argentina","Japan",15037
"Argentina","Jordan",332
"Argentina","Kazakhstan",132
"Argentina","Kuwait",223
"Argentina","Kyrgyzstan",14
"Argentina","Laos",22
"Argentina","Lebanon",907
"Argentina","Macau",4
"Argentina","Malaysia",1389
"Argentina","Maldives",100
"Argentina","Mongolia",2
"Argentina","Myanmar",12
"Argentina","Nepal",85
"Argentina","Oman",108
"Argentina","Pakistan",142
"Argentina","Palau",4
"Argentina","Papua New Guinea",2
"Argentina","Philippines",2043
"Argentina","Qatar",3362
"Argentina","Saudi Arabia",596
"Argentina","Singapore",1768
"Argentina","South Korea",6895
"Argentina","Sri Lanka",171
"Argentina","Taiwan",2736
"Argentina","Thailand",12613
"Argentina","Turkey",16438
"Argentina","Turkmenistan",2
"Argentina","United Arab Emirates",10853
"Argentina","Uzbekistan",2
"Argentina","Vanuatu",1
"Argentina","Vietnam",712
"Argentina","Western Samoa",14
"Benin","Bahrain",3
"Benin","Bangladesh",59
"Benin","Cambodia",9
"Benin","China",3366
"Benin","Cyprus",3
"Benin","Hong Kong",396
"Benin","India",3299
"Benin","Indonesia",23
"Benin","Iran",3
"Benin","Iraq",12
"Benin","Japan",722
"Benin","Jordan",22
"Benin","Kuwait",586
"Benin","Laos",8
"Benin","Lebanon",3257
"Benin","Malaysia",11
"Benin","Oman",31
"Benin","Pakistan",186
"Benin","Papua New Guinea",2
"Benin","Philippines",104
"Benin","Qatar",75
"Benin","Saudi Arabia",1082
"Benin","Singapore",30
"Benin","South Korea",214
"Benin","Sri Lanka",4
"Benin","Taiwan",5
"Benin","Thailand",258
"Benin","Turkey",1762
"Benin","United Arab Emirates",1626
"Benin","Vietnam",41
"Bolivia","Bahrain",2
"Bolivia","Bangladesh",5
"Bolivia","China",5087
"Bolivia","Hong Kong",491
"Bolivia","India",509
"Bolivia","Indonesia",6
"Bolivia","Iran",2
"Bolivia","Japan",5364
"Bolivia","Jordan",2
"Bolivia","Lebanon",146
"Bolivia","Malaysia",32
"Bolivia","Nepal",7
"Bolivia","Oman",4
"Bolivia","Pakistan",19
"Bolivia","Qatar",78
"Bolivia","Saudi Arabia",15
"Bolivia","Singapore",32
"Bolivia","South Korea",839
"Bolivia","Sri Lanka",17
"Bolivia","Taiwan",14
"Bolivia","Thailand",12
"Bolivia","Turkey",63
"Bolivia","United Arab Emirates",180
"Brazil","Afghanistan",84
"Brazil","Bahrain",892
"Brazil","Bangladesh",790
"Brazil","Brunei Darussalam",2
"Brazil","Cambodia",163
"Brazil","China",95860
"Brazil","Cyprus",607
"Brazil","Fiji",47
"Brazil","Hong Kong",24568
"Brazil","India",32062
"Brazil","Indonesia",6965
"Brazil","Iran",874
"Brazil","Iraq",437
"Brazil","Japan",88511
"Brazil","Jordan",2542
"Brazil","Kazakhstan",704
"Brazil","Kuwait",691
"Brazil","Kyrgyzstan",14
"Brazil","Laos",70
"Brazil","Lebanon",13078
"Brazil","Macau",71
"Brazil","Malaysia",5802
"Brazil","Maldives",2645
"Brazil","Mongolia",93
"Brazil","Myanmar",239
"Brazil","Nepal",400
"Brazil","North Korea",4
"Brazil","Oman",927
"Brazil","Pakistan",2269
"Brazil","Palau",8
"Brazil","Philippines",21189
"Brazil","Qatar",4091
"Brazil","Saudi Arabia",2170
"Brazil","Singapore",11523
"Brazil","Solomon Islands",5
"Brazil","South Korea",47773
"Brazil","Sri Lanka",874
"Brazil","Taiwan",7726
"Brazil","Thailand",29685
"Brazil","Turkey",20597
"Brazil","Turkmenistan",37
"Brazil","United Arab Emirates",42600
"Brazil","Uzbekistan",97
"Brazil","Vietnam",1863
"Brazil","Western Samoa",4
"Burkina Faso","Bahrain",25
"Burkina Faso","Bangladesh",29
"Burkina Faso","Cambodia",14
"Burkina Faso","China",1996
"Burkina Faso","Cyprus",7
"Burkina Faso","Hong Kong",249
"Burkina Faso","India",1813
"Burkina Faso","Indonesia",51
"Burkina Faso","Iran",6
"Burkina Faso","Iraq",13
"Burkina Faso","Japan",941
"Burkina Faso","Jordan",177
"Burkina Faso","Kazakhstan",11
"Burkina Faso","Kuwait",143
"Burkina Faso","Kyrgyzstan",1
"Burkina Faso","Lebanon",1469
"Burkina Faso","Malaysia",59
"Burkina Faso","Mongolia",43
"Burkina Faso","Myanmar",6
"Burkina Faso","Nepal",2
"Burkina Faso","Oman",16
"Burkina Faso","Pakistan",98
"Burkina Faso","Papua New Guinea",5
"Burkina Faso","Philippines",318
"Burkina Faso","Qatar",81
"Burkina Faso","Saudi Arabia",1276
"Burkina Faso","Singapore",3
"Burkina Faso","South Korea",146
"Burkina Faso","Sri Lanka",3
"Burkina Faso","Taiwan",254
"Burkina Faso","Thailand",426
"Burkina Faso","Turkey",3077
"Burkina Faso","United Arab Emirates",1543
"Burkina Faso","Uzbekistan",11
"Burkina Faso","Vietnam",2
"Burundi","Afghanistan",10
"Burundi","Bahrain",7
"Burundi","China",1012
"Burundi","Hong Kong",109
"Burundi","India",566
"Burundi","Indonesia",14
"Burundi","Iran",13
"Burundi","Iraq",12
"Burundi","Japan",9
"Burundi","Jordan",13
"Burundi","Kazakhstan",27
"Burundi","Kuwait",12
"Burundi","Lebanon",139
"Burundi","Malaysia",4
"Burundi","Nepal",5
"Burundi","Oman",1827
"Burundi","Pakistan",48
"Burundi","Philippines",8
"Burundi","Qatar",4
"Burundi","Saudi Arabia",216
"Burundi","South Korea",69
"Burundi","Sri Lanka",5
"Burundi","Thailand",55
"Burundi","Turkey",40
"Burundi","Turkmenistan",10
"Burundi","United Arab Emirates",670
"Cameroon","Afghanistan",5
"Cameroon","Bahrain",121
"Cameroon","Bangladesh",92
"Cameroon","Cambodia",17
"Cameroon","China",14925
"Cameroon","Cyprus",232
"Cameroon","Fiji",6
"Cameroon","Hong Kong",2147
"Cameroon","India",3624
"Cameroon","Indonesia",149
"Cameroon","Iran",67
"Cameroon","Iraq",19
"Cameroon","Japan",1112
"Cameroon","Jordan",49
"Cameroon","Kazakhstan",11
"Cameroon","Kuwait",1933
"Cameroon","Laos",6
"Cameroon","Lebanon",1807
"Cameroon","Malaysia",692
"Cameroon","Micronesia",4
"Cameroon","Mongolia",13
"Cameroon","Myanmar",3
"Cameroon","Oman",105
"Cameroon","Pakistan",286
"Cameroon","Philippines",1024
"Cameroon","Qatar",483
"Cameroon","Saudi Arabia",1883
"Cameroon","Singapore",235
"Cameroon","South Korea",732
"Cameroon","Sri Lanka",76
"Cameroon","Taiwan",47
"Cameroon","Tajikistan",8
"Cameroon","Thailand",1302
"Cameroon","Turkey",5316
"Cameroon","United Arab Emirates",12137
"Cameroon","Uzbekistan",4
"Cameroon","Vietnam",172
"Central African Republic","Cambodia",2
"Central African Republic","China",818
"Central African Republic","Hong Kong",38
"Central African Republic","India",212
"Central African Republic","Indonesia",10
"Central African Republic","Japan",5
"Central African Republic","Jordan",21
"Central African Republic","Kuwait",1
"Central African Republic","Lebanon",93
"Central African Republic","Oman",5
"Central African Republic","Pakistan",5
"Central African Republic","Philippines",58
"Central African Republic","Qatar",4
"Central African Republic","Saudi Arabia",21
"Central African Republic","Singapore",2
"Central African Republic","South Korea",40
"Central African Republic","Thailand",65
"Central African Republic","Turkey",46
"Central African Republic","United Arab Emirates",533
"Chad","Bahrain",21
"Chad","Bangladesh",132
"Chad","China",5523
"Chad","Cyprus",10
"Chad","Fiji",2
"Chad","Hong Kong",251
"Chad","India",1065
"Chad","Indonesia",30
"Chad","Iran",11
"Chad","Iraq",32
"Chad","Japan",48
"Chad","Jordan",249
"Chad","Kuwait",130
"Chad","Lebanon",530
"Chad","Malaysia",109
"Chad","Mongolia",3
"Chad","Oman",43
"Chad","Pakistan",45
"Chad","Philippines",825
"Chad","Qatar",86
"Chad","Saudi Arabia",3045
"Chad","Singapore",6
"Chad","South Korea",59
"Chad","Taiwan",11
"Chad","Thailand",133
"Chad","Turkey",1598
"Chad","United Arab Emirates",3948
"Chad","Uzbekistan",4
"Chad","Vietnam",4
"Colombia","Bahrain",121
"Colombia","Bangladesh",345
"Colombia","Cambodia",50
"Colombia","China",13827
"Colombia","Cyprus",31
"Colombia","Fiji",5
"Colombia","Hong Kong",4798
"Colombia","India",3623
"Colombia","Indonesia",333
"Colombia","Iran",48
"Colombia","Iraq",35
"Colombia","Japan",6178
"Colombia","Jordan",196
"Colombia","Kazakhstan",44
"Colombia","Kuwait",100
"Colombia","Kyrgyzstan",2
"Colombia","Laos",18
"Colombia","Lebanon",1580
"Colombia","Malaysia",468
"Colombia","Mongolia",32
"Colombia","Myanmar",9
"Colombia","Nepal",8
"Colombia","Oman",181
"Colombia","Pakistan",58
"Colombia","Papua New Guinea",3
"Colombia","Philippines",887
"Colombia","Qatar",60
"Colombia","Saudi Arabia",949
"Colombia","Singapore",915
"Colombia","South Korea",2363
"Colombia","Sri Lanka",22
"Colombia","Taiwan",381
"Colombia","Thailand",1880
"Colombia","Turkey",4934
"Colombia","Turkmenistan",2
"Colombia","United Arab Emirates",3031
"Colombia","Vietnam",328
"Congo","Afghanistan",51
"Congo","Bahrain",4
"Congo","Bangladesh",6
"Congo","Cambodia",2
"Congo","China",12487
"Congo","Cyprus",16
"Congo","Hong Kong",1421
"Congo","India",3889
"Congo","Indonesia",38
"Congo","Iran",27
"Congo","Iraq",21
"Congo","Japan",157
"Congo","Jordan",4
"Congo","Kuwait",108
"Congo","Lebanon",7306
"Congo","Malaysia",1979
"Congo","Mongolia",87
"Congo","Myanmar",7
"Congo","Nepal",2
"Congo","Oman",18
"Congo","Pakistan",111
"Congo","Philippines",2263
"Congo","Qatar",104
"Congo","Saudi Arabia",276
"Congo","Singapore",31
"Congo","South Korea",230
"Congo","Sri Lanka",12
"Congo","Taiwan",14
"Congo","Thailand",1262
"Congo","Turkey",935
"Congo","United Arab Emirates",20066
"Congo","Vietnam",145
"Democratic Republic of the Congo","Afghanistan",3
"Democratic Republic of the Congo","Bangladesh",22
"Democratic Republic of the Congo","Cambodia",4
"Democratic Republic of the Congo","China",20474
"Democratic Republic of the Congo","Cyprus",23
"Democratic Republic of the Congo","Hong Kong",2196
"Democratic Republic of the Congo","India",9014
"Democratic Republic of the Congo","Indonesia",54
"Democratic Republic of the Congo","Iran",11
"Democratic Republic of the Congo","Iraq",12
"Democratic Republic of the Congo","Japan",796
"Democratic Republic of the Congo","Jordan",14
"Democratic Republic of the Congo","Kazakhstan",17
"Democratic Republic of the Congo","Kuwait",60
"Democratic Republic of the Congo","Kyrgyzstan",5
"Democratic Republic of the Congo","Lebanon",3808
"Democratic Republic of the Congo","Malaysia",121
"Democratic Republic of the Congo","Mongolia",12
"Democratic Republic of the Congo","Nepal",7
"Democratic Republic of the Congo","Oman",85
"Democratic Republic of the Congo","Pakistan",1296
"Democratic Republic of the Congo","Philippines",783
"Democratic Republic of the Congo","Qatar",19
"Democratic Republic of the Congo","Saudi Arabia",203
"Democratic Republic of the Congo","Singapore",17
"Democratic Republic of the Congo","South Korea",468
"Democratic Republic of the Congo","Sri Lanka",2
"Democratic Republic of the Congo","Taiwan",15
"Democratic Republic of the Congo","Thailand",282
"Democratic Republic of the Congo","Turkey",2076
"Democratic Republic of the Congo","United Arab Emirates",3069
"Democratic Republic of the Congo","Vietnam",65
"Ecuador","Afghanistan",6
"Ecuador","Bahrain",12
"Ecuador","Cambodia",24
"Ecuador","China",18454
"Ecuador","Cyprus",20
"Ecuador","Hong Kong",2329
"Ecuador","India",1910
"Ecuador","Indonesia",275
"Ecuador","Iran",37
"Ecuador","Iraq",4
"Ecuador","Japan",3034
"Ecuador","Jordan",44
"Ecuador","Kazakhstan",30
"Ecuador","Kuwait",53
"Ecuador","Lebanon",275
"Ecuador","Malaysia",348
"Ecuador","Micronesia",3
"Ecuador","Mongolia",14
"Ecuador","Myanmar",3
"Ecuador","Nepal",7
"Ecuador","Oman",93
"Ecuador","Pakistan",38
"Ecuador","Philippines",749
"Ecuador","Qatar",93
"Ecuador","Saudi Arabia",190
"Ecuador","Singapore",238
"Ecuador","South Korea",2068
"Ecuador","Sri Lanka",14
"Ecuador","Taiwan",220
"Ecuador","Thailand",354
"Ecuador","Turkey",1107
"Ecuador","United Arab Emirates",820
"Ecuador","Uzbekistan",10
"Ecuador","Vietnam",73
"Equatorial Guinea","Bangladesh",3
"Equatorial Guinea","China",12254
"Equatorial Guinea","Cyprus",7
"Equatorial Guinea","Fiji",2
"Equatorial Guinea","Hong Kong",672
"Equatorial Guinea","India",493
"Equatorial Guinea","Indonesia",92
"Equatorial Guinea","Japan",39
"Equatorial Guinea","Jordan",60
"Equatorial Guinea","Kazakhstan",6
"Equatorial Guinea","Kuwait",148
"Equatorial Guinea","Lebanon",1648
"Equatorial Guinea","Malaysia",602
"Equatorial Guinea","Nepal",3
"Equatorial Guinea","Oman",20
"Equatorial Guinea","Pakistan",1
"Equatorial Guinea","Philippines",299
"Equatorial Guinea","Qatar",11
"Equatorial Guinea","Saudi Arabia",71
"Equatorial Guinea","Singapore",75
"Equatorial Guinea","South Korea",1115
"Equatorial Guinea","Thailand",221
"Equatorial Guinea","Turkey",105
"Equatorial Guinea","United Arab Emirates",348
"Eritrea","Afghanistan",491
"Eritrea","Bahrain",122
"Eritrea","Bangladesh",187
"Eritrea","China",1170
"Eritrea","Hong Kong",173
"Eritrea","India",2343
"Eritrea","Indonesia",386
"Eritrea","Iran",1458
"Eritrea","Iraq",318
"Eritrea","Japan",84
"Eritrea","Jordan",118
"Eritrea","Kazakhstan",416
"Eritrea","Kuwait",556
"Eritrea","Kyrgyzstan",393
"Eritrea","Laos",3
"Eritrea","Lebanon",233
"Eritrea","Malaysia",12
"Eritrea","Maldives",192
"Eritrea","Myanmar",8
"Eritrea","Nepal",9
"Eritrea","Oman",49
"Eritrea","Pakistan",1953
"Eritrea","Philippines",138
"Eritrea","Qatar",14316
"Eritrea","Saudi Arabia",30365
"Eritrea","Singapore",98
"Eritrea","Sri Lanka",152
"Eritrea","Syria",8
"Eritrea","Tajikistan",374
"Eritrea","Thailand",148
"Eritrea","Turkey",744
"Eritrea","Turkmenistan",154
"Eritrea","United Arab Emirates",30488
"Eritrea","Uzbekistan",11
"Ethiopia","Afghanistan",207
"Ethiopia","Bahrain",18399
"Ethiopia","Bangladesh",802
"Ethiopia","Cambodia",68
"Ethiopia","China",75750
"Ethiopia","Cyprus",143
"Ethiopia","Fiji",13
"Ethiopia","Hong Kong",8803
"Ethiopia","India",32076
"Ethiopia","Indonesia",490
"Ethiopia","Iran",440
"Ethiopia","Iraq",561
"Ethiopia","Japan",2618
"Ethiopia","Jordan",1301
"Ethiopia","Kazakhstan",146
"Ethiopia","Kuwait",12759
"Ethiopia","Kyrgyzstan",15
"Ethiopia","Laos",20
"Ethiopia","Lebanon",81616
"Ethiopia","Macau",7
"Ethiopia","Malaysia",741
"Ethiopia","Maldives",28
"Ethiopia","Marshall Islands",5
"Ethiopia","Mongolia",7
"Ethiopia","Myanmar",24
"Ethiopia","Nepal",174
"Ethiopia","Oman",7652
"Ethiopia","Pakistan",1692
"Ethiopia","Papua New Guinea",7
"Ethiopia","Philippines",1122
"Ethiopia","Qatar",10125
"Ethiopia","Saudi Arabia",105288
"Ethiopia","Singapore",662
"Ethiopia","Solomon Islands",2
"Ethiopia","South Korea",4164
"Ethiopia","Sri Lanka",455
"Ethiopia","Taiwan",341
"Ethiopia","Tajikistan",11
"Ethiopia","Thailand",23281
"Ethiopia","Turkey",15232
"Ethiopia","Turkmenistan",133
"Ethiopia","United Arab Emirates",173505
"Ethiopia","Vietnam",213
"Ethiopia","Yemen",1
"French Guiana","China",49
"French Guiana","Hong Kong",6
"French Guiana","Iran",89
"French Guiana","Japan",20
"French Guiana","Lebanon",6
"French Guiana","Singapore",1
"French Guiana","Thailand",1
"French Guiana","Turkey",220
"French Guiana","United Arab Emirates",3
"Gabon","Bahrain",37
"Gabon","Bangladesh",94
"Gabon","Brunei Darussalam",5
"Gabon","Cambodia",6
"Gabon","China",8959
"Gabon","Cyprus",17
"Gabon","Hong Kong",954
"Gabon","India",3279
"Gabon","Indonesia",338
"Gabon","Iran",22
"Gabon","Iraq",4
"Gabon","Japan",429
"Gabon","Jordan",17
"Gabon","Kazakhstan",155
"Gabon","Kuwait",39
"Gabon","Kyrgyzstan",33
"Gabon","Lebanon",3314
"Gabon","Malaysia",1730
"Gabon","Maldives",13
"Gabon","Mongolia",2
"Gabon","Oman",49
"Gabon","Pakistan",117
"Gabon","Philippines",465
"Gabon","Qatar",43
"Gabon","Saudi Arabia",368
"Gabon","Singapore",209
"Gabon","South Korea",197
"Gabon","Sri Lanka",243
"Gabon","Taiwan",1
"Gabon","Tajikistan",1
"Gabon","Thailand",411
"Gabon","Turkey",5005
"Gabon","Turkmenistan",1
"Gabon","United Arab Emirates",2568
"Gabon","Uzbekistan",7
"Gabon","Vietnam",32
"Gambia","Bahrain",5
"Gambia","Bangladesh",75
"Gambia","China",731
"Gambia","Cyprus",100
"Gambia","Hong Kong",17
"Gambia","India",363
"Gambia","Iran",11
"Gambia","Japan",19
"Gambia","Jordan",5
"Gambia","Kuwait",17
"Gambia","Laos",1
"Gambia","Lebanon",449
"Gambia","Malaysia",12
"Gambia","Oman",3
"Gambia","Pakistan",49
"Gambia","Philippines",38
"Gambia","Qatar",250
"Gambia","Saudi Arabia",589
"Gambia","Singapore",2
"Gambia","South Korea",2
"Gambia","Sri Lanka",6
"Gambia","Taiwan",4
"Gambia","Thailand",3
"Gambia","Turkey",501
"Gambia","United Arab Emirates",135
"Gambia","Vietnam",3
"Ghana","Afghanistan",63
"Ghana","Bahrain",823
"Ghana","Bangladesh",231
"Ghana","Cambodia",30
"Ghana","China",34327
"Ghana","Cyprus",207
"Ghana","Fiji",29
"Ghana","Hong Kong",4353
"Ghana","India",15287
"Ghana","Indonesia",635
"Ghana","Iran",109
"Ghana","Iraq",202
"Ghana","Japan",1918
"Ghana","Jordan",2697
"Ghana","Kazakhstan",110
"Ghana","Kuwait",5249
"Ghana","Kyrgyzstan",11
"Ghana","Laos",6
"Ghana","Lebanon",8809
"Ghana","Macau",10
"Ghana","Malaysia",1589
"Ghana","Maldives",13
"Ghana","Mongolia",13
"Ghana","Myanmar",64
"Ghana","Nepal",164
"Ghana","Oman",440
"Ghana","Pakistan",542
"Ghana","Philippines",2966
"Ghana","Qatar",5408
"Ghana","Saudi Arabia",13255
"Ghana","Singapore",2373
"Ghana","South Korea",1180
"Ghana","Sri Lanka",334
"Ghana","Taiwan",7
"Ghana","Tajikistan",7
"Ghana","Thailand",1528
"Ghana","Tonga",2
"Ghana","Turkey",7378
"Ghana","United Arab Emirates",27170
"Ghana","Uzbekistan",3
"Ghana","Vietnam",361
"Guinea","Bangladesh",8
"Guinea","Cambodia",9
"Guinea","China",7993
"Guinea","Hong Kong",530
"Guinea","India",1043
"Guinea","Indonesia",602
"Guinea","Japan",340
"Guinea","Jordan",28
"Guinea","Kuwait",22
"Guinea","Lebanon",1388
"Guinea","Malaysia",107
"Guinea","Nepal",3
"Guinea","Oman",11
"Guinea","Pakistan",72
"Guinea","Philippines",116
"Guinea","Qatar",774
"Guinea","Saudi Arabia",508
"Guinea","Singapore",113
"Guinea","South Korea",201
"Guinea","Sri Lanka",15
"Guinea","Taiwan",28
"Guinea","Thailand",241
"Guinea","Turkey",1312
"Guinea","United Arab Emirates",1279
"Guinea","Vietnam",42
"Guinea Bissau","Bangladesh",3
"Guinea Bissau","China",12
"Guinea Bissau","India",62
"Guinea Bissau","Indonesia",4
"Guinea Bissau","Japan",5
"Guinea Bissau","Jordan",3
"Guinea Bissau","Kuwait",3
"Guinea Bissau","Lebanon",186
"Guinea Bissau","Pakistan",16
"Guinea Bissau","Qatar",139
"Guinea Bissau","Saudi Arabia",55
"Guinea Bissau","Singapore",3
"Guinea Bissau","Sri Lanka",21
"Guinea Bissau","Turkey",29
"Guinea Bissau","United Arab Emirates",30
"Guinea Bissau","Vietnam",14
"Guyana","China",4
"Guyana","Hong Kong",4
"Guyana","India",133
"Guyana","Indonesia",3
"Guyana","Japan",2
"Guyana","Malaysia",6
"Guyana","Philippines",8
"Guyana","Qatar",4
"Guyana","Saudi Arabia",30
"Guyana","Singapore",2
"Guyana","Sri Lanka",5
"Guyana","Thailand",13
"Guyana","Turkey",22
"Guyana","United Arab Emirates",7
"Ivory Coast (Cote d'Ivoire)","Afghanistan",3
"Ivory Coast (Cote d'Ivoire)","Bahrain",82
"Ivory Coast (Cote d'Ivoire)","Bangladesh",388
"Ivory Coast (Cote d'Ivoire)","Brunei Darussalam",1
"Ivory Coast (Cote d'Ivoire)","Cambodia",5
"Ivory Coast (Cote d'Ivoire)","China",10970
"Ivory Coast (Cote d'Ivoire)","Cyprus",84
"Ivory Coast (Cote d'Ivoire)","Hong Kong",1704
"Ivory Coast (Cote d'Ivoire)","India",10946
"Ivory Coast (Cote d'Ivoire)","Indonesia",316
"Ivory Coast (Cote d'Ivoire)","Iran",32
"Ivory Coast (Cote d'Ivoire)","Iraq",24
"Ivory Coast (Cote d'Ivoire)","Japan",1328
"Ivory Coast (Cote d'Ivoire)","Jordan",451
"Ivory Coast (Cote d'Ivoire)","Kazakhstan",25
"Ivory Coast (Cote d'Ivoire)","Kuwait",319
"Ivory Coast (Cote d'Ivoire)","Kyrgyzstan",3
"Ivory Coast (Cote d'Ivoire)","Laos",3
"Ivory Coast (Cote d'Ivoire)","Lebanon",17758
"Ivory Coast (Cote d'Ivoire)","Malaysia",1000
"Ivory Coast (Cote d'Ivoire)","Maldives",9
"Ivory Coast (Cote d'Ivoire)","Myanmar",27
"Ivory Coast (Cote d'Ivoire)","Nepal",42
"Ivory Coast (Cote d'Ivoire)","Oman",59
"Ivory Coast (Cote d'Ivoire)","Pakistan",594
"Ivory Coast (Cote d'Ivoire)","Philippines",2972
"Ivory Coast (Cote d'Ivoire)","Qatar",144
"Ivory Coast (Cote d'Ivoire)","Saudi Arabia",2382
"Ivory Coast (Cote d'Ivoire)","Singapore",1139
"Ivory Coast (Cote d'Ivoire)","South Korea",484
"Ivory Coast (Cote d'Ivoire)","Sri Lanka",121
"Ivory Coast (Cote d'Ivoire)","Taiwan",69
"Ivory Coast (Cote d'Ivoire)","Thailand",844
"Ivory Coast (Cote d'Ivoire)","Turkey",4108
"Ivory Coast (Cote d'Ivoire)","United Arab Emirates",9858
"Ivory Coast (Cote d'Ivoire)","Vietnam",481
"Kenya","Afghanistan",104
"Kenya","Bahrain",3647
"Kenya","Bangladesh",1344
"Kenya","Brunei Darussalam",7
"Kenya","Cambodia",247
"Kenya","China",67670
"Kenya","Cyprus",1520
"Kenya","Fiji",59
"Kenya","Hong Kong",9929
"Kenya","India",110811
"Kenya","Indonesia",1736
"Kenya","Iran",554
"Kenya","Iraq",2367
"Kenya","Japan",8852
"Kenya","Jordan",3452
"Kenya","Kazakhstan",101
"Kenya","Kuwait",1711
"Kenya","Kyrgyzstan",20
"Kenya","Laos",10
"Kenya","Lebanon",3251
"Kenya","Macau",10
"Kenya","Malaysia",5466
"Kenya","Maldives",528
"Kenya","Micronesia",4
"Kenya","Mongolia",50
"Kenya","Myanmar",372
"Kenya","Nepal",894
"Kenya","Oman",11330
"Kenya","Pakistan",6305
"Kenya","Palau",1
"Kenya","Papua New Guinea",36
"Kenya","Philippines",2346
"Kenya","Qatar",26721
"Kenya","Saudi Arabia",34035
"Kenya","Singapore",3666
"Kenya","Solomon Islands",2
"Kenya","South Korea",5169
"Kenya","Sri Lanka",3913
"Kenya","Taiwan",2735
"Kenya","Tajikistan",195
"Kenya","Thailand",10150
"Kenya","Turkey",23420
"Kenya","Turkmenistan",8
"Kenya","United Arab Emirates",136636
"Kenya","Uzbekistan",25
"Kenya","Vietnam",3180
"Liberia","Bangladesh",153
"Liberia","Cambodia",2
"Liberia","China",2702
"Liberia","Hong Kong",25
"Liberia","India",1328
"Liberia","Indonesia",153
"Liberia","Iran",2
"Liberia","Japan",8
"Liberia","Jordan",10
"Liberia","Kazakhstan",13
"Liberia","Kuwait",4
"Liberia","Kyrgyzstan",3
"Liberia","Lebanon",2650
"Liberia","Malaysia",601
"Liberia","Nepal",10
"Liberia","Pakistan",291
"Liberia","Philippines",66
"Liberia","Qatar",1037
"Liberia","Saudi Arabia",26
"Liberia","Singapore",22
"Liberia","South Korea",14
"Liberia","Sri Lanka",6
"Liberia","Thailand",28
"Liberia","Turkey",4047
"Liberia","United Arab Emirates",316
"Liberia","Vietnam",15
"Mali","Afghanistan",8
"Mali","Bahrain",22
"Mali","Bangladesh",428
"Mali","Cambodia",79
"Mali","China",5648
"Mali","Cyprus",13
"Mali","Fiji",6
"Mali","Hong Kong",1223
"Mali","India",2663
"Mali","Indonesia",288
"Mali","Iran",30
"Mali","Iraq",10
"Mali","Japan",376
"Mali","Jordan",146
"Mali","Kazakhstan",13
"Mali","Kuwait",2279
"Mali","Kyrgyzstan",4
"Mali","Laos",7
"Mali","Lebanon",1176
"Mali","Malaysia",59
"Mali","Nepal",126
"Mali","Oman",44
"Mali","Pakistan",284
"Mali","Philippines",174
"Mali","Qatar",313
"Mali","Saudi Arabia",2835
"Mali","Singapore",224
"Mali","South Korea",133
"Mali","Sri Lanka",21
"Mali","Taiwan",6
"Mali","Tajikistan",7
"Mali","Thailand",672
"Mali","Turkey",3989
"Mali","United Arab Emirates",3827
"Mali","Uzbekistan",17
"Mali","Vietnam",25
"Mauritania","Afghanistan",25
"Mauritania","Bahrain",102
"Mauritania","Bangladesh",37
"Mauritania","China",3646
"Mauritania","Hong Kong",721
"Mauritania","India",1730
"Mauritania","Indonesia",20
"Mauritania","Iraq",18
"Mauritania","Japan",183
"Mauritania","Jordan",208
"Mauritania","Kuwait",208
"Mauritania","Kyrgyzstan",5
"Mauritania","Lebanon",1994
"Mauritania","Malaysia",111
"Mauritania","Maldives",9
"Mauritania","Mongolia",16
"Mauritania","Nepal",3
"Mauritania","Oman",162
"Mauritania","Pakistan",393
"Mauritania","Philippines",165
"Mauritania","Qatar",1189
"Mauritania","Saudi Arabia",2722
"Mauritania","Singapore",10
"Mauritania","South Korea",30
"Mauritania","Sri Lanka",61
"Mauritania","Taiwan",7
"Mauritania","Tajikistan",4
"Mauritania","Thailand",31
"Mauritania","Turkey",6863
"Mauritania","Turkmenistan",4
"Mauritania","United Arab Emirates",3400
"Mauritania","Uzbekistan",2
"Mauritania","Yemen",1
"Niger","Bahrain",2
"Niger","Bangladesh",3
"Niger","Cambodia",2
"Niger","China",5802
"Niger","Cyprus",3
"Niger","Hong Kong",194
"Niger","India",1472
"Niger","Indonesia",20
"Niger","Iran",10
"Niger","Japan",88
"Niger","Jordan",312
"Niger","Kuwait",315
"Niger","Lebanon",647
"Niger","Malaysia",16
"Niger","Nepal",23
"Niger","Oman",8
"Niger","Pakistan",123
"Niger","Philippines",21
"Niger","Qatar",187
"Niger","Saudi Arabia",2332
"Niger","Singapore",15
"Niger","South Korea",87
"Niger","Taiwan",8
"Niger","Tajikistan",7
"Niger","Thailand",92
"Niger","Turkey",2336
"Niger","United Arab Emirates",4644
"Niger","Uzbekistan",3
"Niger","Vietnam",2
"Nigeria","Afghanistan",14
"Nigeria","Bahrain",568
"Nigeria","Bangladesh",1193
"Nigeria","Cambodia",1138
"Nigeria","China",80816
"Nigeria","Cyprus",1907
"Nigeria","Fiji",57
"Nigeria","Hong Kong",8139
"Nigeria","India",59573
"Nigeria","Indonesia",4241
"Nigeria","Iran",395
"Nigeria","Iraq",234
"Nigeria","Japan",3203
"Nigeria","Jordan",1154
"Nigeria","Kazakhstan",117
"Nigeria","Kuwait",1009
"Nigeria","Kyrgyzstan",13
"Nigeria","Laos",9
"Nigeria","Lebanon",14835
"Nigeria","Malaysia",14006
"Nigeria","Maldives",169
"Nigeria","Mongolia",18
"Nigeria","Myanmar",46
"Nigeria","Nepal",120
"Nigeria","Oman",4372
"Nigeria","Pakistan",3318
"Nigeria","Palau",22
"Nigeria","Papua New Guinea",12
"Nigeria","Philippines",4329
"Nigeria","Qatar",9793
"Nigeria","Saudi Arabia",65102
"Nigeria","Singapore",2806
"Nigeria","Solomon Islands",11
"Nigeria","South Korea",3944
"Nigeria","Sri Lanka",703
"Nigeria","Taiwan",531
"Nigeria","Tajikistan",4
"Nigeria","Thailand",4885
"Nigeria","Tonga",2
"Nigeria","Turkey",23234
"Nigeria","Turkmenistan",8
"Nigeria","United Arab Emirates",136031
"Nigeria","Uzbekistan",7
"Nigeria","Vietnam",1613
"Nigeria","Western Samoa",18
"Panama","Afghanistan",17
"Panama","Bahrain",154
"Panama","Bangladesh",114
"Panama","Cambodia",2
"Panama","China",19653
"Panama","Cyprus",42
"Panama","Hong Kong",2139
"Panama","India",3138
"Panama","Indonesia",310
"Panama","Iran",37
"Panama","Iraq",6
"Panama","Japan",1557
"Panama","Jordan",172
"Panama","Kazakhstan",70
"Panama","Kuwait",170
"Panama","Laos",14
"Panama","Lebanon",1204
"Panama","Macau",16
"Panama","Malaysia",343
"Panama","Maldives",26
"Panama","Marshall Islands",6
"Panama","Mongolia",3
"Panama","Myanmar",32
"Panama","Nepal",4
"Panama","Oman",91
"Panama","Pakistan",169
"Panama","Philippines",4177
"Panama","Qatar",91
"Panama","Saudi Arabia",218
"Panama","Singapore",688
"Panama","South Korea",1295
"Panama","Sri Lanka",72
"Panama","Taiwan",1276
"Panama","Thailand",982
"Panama","Turkey",1356
"Panama","Turkmenistan",2
"Panama","United Arab Emirates",1598
"Panama","Uzbekistan",3
"Panama","Vietnam",398
"Paraguay","Bangladesh",22
"Paraguay","China",410
"Paraguay","Hong Kong",71
"Paraguay","India",234
"Paraguay","Indonesia",7
"Paraguay","Japan",1055
"Paraguay","Jordan",3
"Paraguay","Kuwait",22
"Paraguay","Lebanon",123
"Paraguay","Malaysia",11
"Paraguay","Pakistan",9
"Paraguay","Philippines",3
"Paraguay","Qatar",20
"Paraguay","Saudi Arabia",11
"Paraguay","Singapore",2
"Paraguay","South Korea",668
"Paraguay","Taiwan",296
"Paraguay","Thailand",39
"Paraguay","Turkey",147
"Paraguay","United Arab Emirates",129
"Peru","Afghanistan",4
"Peru","Bahrain",39
"Peru","Bangladesh",23
"Peru","Brunei Darussalam",5
"Peru","Cambodia",22
"Peru","China",22181
"Peru","Cyprus",30
"Peru","Fiji",22
"Peru","Hong Kong",8386
"Peru","India",1593
"Peru","Indonesia",1289
"Peru","Iran",14
"Peru","Iraq",3
"Peru","Japan",26752
"Peru","Jordan",37
"Peru","Kazakhstan",17
"Peru","Kuwait",13
"Peru","Laos",2
"Peru","Lebanon",127
"Peru","Malaysia",1011
"Peru","Maldives",6
"Peru","Mongolia",4
"Peru","Myanmar",10
"Peru","Nepal",30
"Peru","Oman",64
"Peru","Pakistan",41
"Peru","Papua New Guinea",23
"Peru","Philippines",1870
"Peru","Qatar",323
"Peru","Saudi Arabia",101
"Peru","Singapore",1301
"Peru","Solomon Islands",2
"Peru","South Korea",8016
"Peru","Sri Lanka",52
"Peru","Taiwan",2080
"Peru","Thailand",1168
"Peru","Turkey",1316
"Peru","United Arab Emirates",844
"Peru","Uzbekistan",2
"Peru","Vietnam",608
"Rwanda","Afghanistan",23
"Rwanda","Bahrain",4
"Rwanda","Bangladesh",86
"Rwanda","Cambodia",10
"Rwanda","China",4445
"Rwanda","Cyprus",66
"Rwanda","Hong Kong",884
"Rwanda","India",4063
"Rwanda","Indonesia",78
"Rwanda","Iran",45
"Rwanda","Iraq",26
"Rwanda","Japan",792
"Rwanda","Jordan",71
"Rwanda","Kazakhstan",16
"Rwanda","Kuwait",41
"Rwanda","Laos",11
"Rwanda","Lebanon",186
"Rwanda","Malaysia",130
"Rwanda","Mongolia",3
"Rwanda","Myanmar",13
"Rwanda","Nepal",82
"Rwanda","Oman",1365
"Rwanda","Pakistan",239
"Rwanda","Papua New Guinea",3
"Rwanda","Philippines",247
"Rwanda","Qatar",1758
"Rwanda","Saudi Arabia",287
"Rwanda","Singapore",206
"Rwanda","South Korea",971
"Rwanda","Sri Lanka",179
"Rwanda","Taiwan",17
"Rwanda","Tajikistan",1
"Rwanda","Thailand",572
"Rwanda","Turkey",2513
"Rwanda","United Arab Emirates",9814
"Rwanda","Vietnam",60
"Rwanda","Western Samoa",2
"Sao Tome and Principe","China",92
"Sao Tome and Principe","Turkey",5
"Senegal","Afghanistan",42
"Senegal","Bahrain",87
"Senegal","Bangladesh",168
"Senegal","Cambodia",16
"Senegal","China",9906
"Senegal","Cyprus",59
"Senegal","Fiji",2
"Senegal","Hong Kong",1942
"Senegal","India",7285
"Senegal","Indonesia",381
"Senegal","Iran",206
"Senegal","Iraq",12
"Senegal","Japan",1845
"Senegal","Jordan",328
"Senegal","Kazakhstan",40
"Senegal","Kuwait",650
"Senegal","Kyrgyzstan",20
"Senegal","Lebanon",3374
"Senegal","Macau",10
"Senegal","Malaysia",717
"Senegal","Maldives",22
"Senegal","Myanmar",24
"Senegal","Nepal",149
"Senegal","Oman",135
"Senegal","Pakistan",394
"Senegal","Philippines",1095
"Senegal","Qatar",317
"Senegal","Saudi Arabia",4377
"Senegal","Singapore",344
"Senegal","South Korea",920
"Senegal","Sri Lanka",217
"Senegal","Taiwan",48
"Senegal","Tajikistan",12
"Senegal","Thailand",1416
"Senegal","Turkey",6207
"Senegal","United Arab Emirates",20317
"Senegal","Vietnam",207
"Sierra Leone","Bahrain",34
"Sierra Leone","Bangladesh",82
"Sierra Leone","Cambodia",10
"Sierra Leone","China",4964
"Sierra Leone","Hong Kong",135
"Sierra Leone","India",1068
"Sierra Leone","Indonesia",19
"Sierra Leone","Iraq",1
"Sierra Leone","Japan",180
"Sierra Leone","Jordan",21
"Sierra Leone","Kuwait",138
"Sierra Leone","Lebanon",1838
"Sierra Leone","Malaysia",17
"Sierra Leone","Nepal",10
"Sierra Leone","Oman",18
"Sierra Leone","Pakistan",175
"Sierra Leone","Papua New Guinea",7
"Sierra Leone","Philippines",42
"Sierra Leone","Qatar",892
"Sierra Leone","Saudi Arabia",232
"Sierra Leone","Singapore",51
"Sierra Leone","South Korea",175
"Sierra Leone","Sri Lanka",46
"Sierra Leone","Thailand",102
"Sierra Leone","Turkey",491
"Sierra Leone","United Arab Emirates",770
"Sierra Leone","Vietnam",32
"Somalia","Afghanistan",79
"Somalia","Bahrain",80
"Somalia","Bangladesh",68
"Somalia","China",251
"Somalia","Cyprus",8
"Somalia","Hong Kong",57
"Somalia","India",980
"Somalia","Indonesia",3
"Somalia","Iran",81
"Somalia","Iraq",73
"Somalia","Japan",3
"Somalia","Jordan",100
"Somalia","Kazakhstan",32
"Somalia","Kuwait",481
"Somalia","Kyrgyzstan",44
"Somalia","Lebanon",240
"Somalia","Malaysia",137
"Somalia","Oman",175
"Somalia","Pakistan",445
"Somalia","Philippines",5
"Somalia","Qatar",861
"Somalia","Saudi Arabia",8162
"Somalia","Sri Lanka",19
"Somalia","Taiwan",2
"Somalia","Tajikistan",43
"Somalia","Thailand",60
"Somalia","Turkey",3822
"Somalia","Turkmenistan",38
"Somalia","United Arab Emirates",34934
"Somalia","Vietnam",2
"South Sudan","Afghanistan",167
"South Sudan","Bahrain",45
"South Sudan","Bangladesh",585
"South Sudan","Cambodia",29
"South Sudan","China",3797
"South Sudan","Cyprus",34
"South Sudan","Hong Kong",129
"South Sudan","India",2764
"South Sudan","Indonesia",92
"South Sudan","Iran",40
"South Sudan","Iraq",165
"South Sudan","Japan",229
"South Sudan","Jordan",146
"South Sudan","Kazakhstan",36
"South Sudan","Kuwait",26
"South Sudan","Kyrgyzstan",13
"South Sudan","Lebanon",1562
"South Sudan","Malaysia",455
"South Sudan","Maldives",65
"South Sudan","Myanmar",30
"South Sudan","Nepal",60
"South Sudan","Oman",59
"South Sudan","Pakistan",2303
"South Sudan","Philippines",58
"South Sudan","Qatar",284
"South Sudan","Saudi Arabia",917
"South Sudan","Singapore",9
"South Sudan","South Korea",104
"South Sudan","Sri Lanka",84
"South Sudan","Taiwan",3
"South Sudan","Tajikistan",22
"South Sudan","Thailand",579
"South Sudan","Turkey",293
"South Sudan","United Arab Emirates",11230
"South Sudan","Vietnam",85
"Sudan","Afghanistan",3542
"Sudan","Bahrain",35074
"Sudan","Bangladesh",4205
"Sudan","Brunei Darussalam",16
"Sudan","Cambodia",29
"Sudan","China",15788
"Sudan","Cyprus",139
"Sudan","Fiji",2
"Sudan","Hong Kong",1180
"Sudan","India",15279
"Sudan","Indonesia",1802
"Sudan","Iran",8794
"Sudan","Iraq",7068
"Sudan","Japan",2163
"Sudan","Jordan",22434
"Sudan","Kazakhstan",3061
"Sudan","Kuwait",12806
"Sudan","Kyrgyzstan",617
"Sudan","Laos",3
"Sudan","Lebanon",9535
"Sudan","Malaysia",3692
"Sudan","Maldives",1318
"Sudan","Mongolia",3
"Sudan","Myanmar",40
"Sudan","Nepal",878
"Sudan","Oman",14335
"Sudan","Pakistan",10126
"Sudan","Papua New Guinea",2
"Sudan","Philippines",516
"Sudan","Qatar",96619
"Sudan","Saudi Arabia",483063
"Sudan","Singapore",847
"Sudan","South Korea",315
"Sudan","Sri Lanka",824
"Sudan","Syria",14688
"Sudan","Taiwan",132
"Sudan","Tajikistan",479
"Sudan","Thailand",1664
"Sudan","Turkey",29153
"Sudan","Turkmenistan",1467
"Sudan","United Arab Emirates",163663
"Sudan","Uzbekistan",82
"Sudan","Vietnam",92
"Suriname","Cambodia",3
"Suriname","China",3179
"Suriname","Hong Kong",446
"Suriname","India",487
"Suriname","Indonesia",70
"Suriname","Iran",2
"Suriname","Japan",13
"Suriname","Kazakhstan",3
"Suriname","Kuwait",10
"Suriname","Malaysia",345
"Suriname","Mongolia",7
"Suriname","Pakistan",11
"Suriname","Philippines",577
"Suriname","Qatar",11
"Suriname","Saudi Arabia",5
"Suriname","Singapore",36
"Suriname","South Korea",10
"Suriname","Taiwan",47
"Suriname","Thailand",15
"Suriname","Turkey",174
"Suriname","United Arab Emirates",90
"Suriname","Vietnam",158
"Tanzania","Afghanistan",307
"Tanzania","Bahrain",589
"Tanzania","Bangladesh",603
"Tanzania","Cambodia",218
"Tanzania","China",35282
"Tanzania","Cyprus",211
"Tanzania","Fiji",2
"Tanzania","Hong Kong",7280
"Tanzania","India",63095
"Tanzania","Indonesia",1099
"Tanzania","Iran",1809
"Tanzania","Iraq",1292
"Tanzania","Japan",4189
"Tanzania","Jordan",955
"Tanzania","Kazakhstan",182
"Tanzania","Kuwait",2230
"Tanzania","Kyrgyzstan",109
"Tanzania","Laos",21
"Tanzania","Lebanon",2585
"Tanzania","Malaysia",2012
"Tanzania","Maldives",123
"Tanzania","Mongolia",13
"Tanzania","Myanmar",68
"Tanzania","Nepal",422
"Tanzania","Oman",49003
"Tanzania","Pakistan",6961
"Tanzania","Papua New Guinea",38
"Tanzania","Philippines",1561
"Tanzania","Qatar",13440
"Tanzania","Saudi Arabia",4387
"Tanzania","Singapore",1566
"Tanzania","South Korea",3349
"Tanzania","Sri Lanka",1077
"Tanzania","Taiwan",362
"Tanzania","Tajikistan",29
"Tanzania","Thailand",3445
"Tanzania","Turkey",10649
"Tanzania","Turkmenistan",5
"Tanzania","United Arab Emirates",57519
"Tanzania","Uzbekistan",19
"Tanzania","Vietnam",455
"Togo","Bahrain",13
"Togo","Bangladesh",3
"Togo","Cambodia",2
"Togo","China",5029
"Togo","Cyprus",4
"Togo","Fiji",4
"Togo","Hong Kong",1248
"Togo","India",2778
"Togo","Indonesia",14
"Togo","Iran",3
"Togo","Iraq",3
"Togo","Japan",137
"Togo","Jordan",18
"Togo","Kazakhstan",14
"Togo","Kuwait",152
"Togo","Lebanon",784
"Togo","Malaysia",76
"Togo","Oman",19
"Togo","Pakistan",118
"Togo","Philippines",1875
"Togo","Qatar",128
"Togo","Saudi Arabia",522
"Togo","Singapore",36
"Togo","South Korea",198
"Togo","Sri Lanka",3
"Togo","Thailand",361
"Togo","Turkey",814
"Togo","United Arab Emirates",1282
"Togo","Vietnam",42
"Trinidad and Tobago","Bahrain",103
"Trinidad and Tobago","Bangladesh",50
"Trinidad and Tobago","China",160
"Trinidad and Tobago","Cyprus",6
"Trinidad and Tobago","Fiji",17
"Trinidad and Tobago","Hong Kong",53
"Trinidad and Tobago","India",1062
"Trinidad and Tobago","Indonesia",19
"Trinidad and Tobago","Iran",7
"Trinidad and Tobago","Iraq",3
"Trinidad and Tobago","Japan",250
"Trinidad and Tobago","Kuwait",37
"Trinidad and Tobago","Lebanon",63
"Trinidad and Tobago","Malaysia",74
"Trinidad and Tobago","Maldives",110
"Trinidad and Tobago","Nepal",2
"Trinidad and Tobago","Oman",43
"Trinidad and Tobago","Pakistan",38
"Trinidad and Tobago","Philippines",475
"Trinidad and Tobago","Qatar",69
"Trinidad and Tobago","Saudi Arabia",143
"Trinidad and Tobago","Singapore",100
"Trinidad and Tobago","Solomon Islands",3
"Trinidad and Tobago","South Korea",48
"Trinidad and Tobago","Sri Lanka",7
"Trinidad and Tobago","Taiwan",4
"Trinidad and Tobago","Thailand",49
"Trinidad and Tobago","Turkey",142
"Trinidad and Tobago","United Arab Emirates",222
"Trinidad and Tobago","Uzbekistan",3
"Trinidad and Tobago","Western Samoa",6
"Uganda","Afghanistan",702
"Uganda","Bahrain",430
"Uganda","Bangladesh",1153
"Uganda","Brunei Darussalam",2
"Uganda","Cambodia",252
"Uganda","China",29313
"Uganda","Cyprus",235
"Uganda","Fiji",18
"Uganda","Hong Kong",5171
"Uganda","India",48449
"Uganda","Indonesia",502
"Uganda","Iran",259
"Uganda","Iraq",1338
"Uganda","Japan",2597
"Uganda","Jordan",1365
"Uganda","Kazakhstan",69
"Uganda","Kuwait",676
"Uganda","Kyrgyzstan",318
"Uganda","Laos",4
"Uganda","Lebanon",1434
"Uganda","Macau",4
"Uganda","Malaysia",996
"Uganda","Maldives",11
"Uganda","Mongolia",22
"Uganda","Myanmar",19
"Uganda","Nepal",438
"Uganda","Oman",5952
"Uganda","Pakistan",4413
"Uganda","Papua New Guinea",36
"Uganda","Philippines",515
"Uganda","Qatar",4142
"Uganda","Saudi Arabia",2424
"Uganda","Singapore",433
"Uganda","South Korea",2201
"Uganda","Sri Lanka",1463
"Uganda","Taiwan",531
"Uganda","Tajikistan",166
"Uganda","Thailand",2232
"Uganda","Turkey",7463
"Uganda","Turkmenistan",29
"Uganda","United Arab Emirates",48463
"Uganda","Uzbekistan",24
"Uganda","Vietnam",416
"Venezuela","Bahrain",90
"Venezuela","Bangladesh",8
"Venezuela","Brunei Darussalam",8
"Venezuela","China",31016
"Venezuela","Cyprus",80
"Venezuela","Hong Kong",2423
"Venezuela","India",548
"Venezuela","Indonesia",95
"Venezuela","Iran",120
"Venezuela","Iraq",9
"Venezuela","Japan",1216
"Venezuela","Jordan",264
"Venezuela","Kazakhstan",23
"Venezuela","Kuwait",155
"Venezuela","Laos",2
"Venezuela","Lebanon",5998
"Venezuela","Malaysia",126
"Venezuela","Oman",78
"Venezuela","Philippines",474
"Venezuela","Qatar",96
"Venezuela","Saudi Arabia",681
"Venezuela","Singapore",119
"Venezuela","South Korea",816
"Venezuela","Sri Lanka",5
"Venezuela","Taiwan",34
"Venezuela","Thailand",71
"Venezuela","Turkey",1399
"Venezuela","United Arab Emirates",918
"Venezuela","Uzbekistan",1
"Venezuela","Vietnam",52
"Zambia","Afghanistan",23
"Zambia","Bahrain",55
"Zambia","Bangladesh",278
"Zambia","Cambodia",64
"Zambia","China",28819
"Zambia","Cyprus",269
"Zambia","Fiji",5
"Zambia","Hong Kong",5512
"Zambia","India",26837
"Zambia","Indonesia",298
"Zambia","Iran",76
"Zambia","Iraq",20
"Zambia","Japan",1442
"Zambia","Jordan",85
"Zambia","Kazakhstan",3
"Zambia","Kuwait",110
"Zambia","Laos",2
"Zambia","Lebanon",2133
"Zambia","Malaysia",860
"Zambia","Maldives",68
"Zambia","Mongolia",1
"Zambia","Myanmar",20
"Zambia","Nepal",131
"Zambia","Oman",99
"Zambia","Pakistan",670
"Zambia","Philippines",865
"Zambia","Qatar",110
"Zambia","Saudi Arabia",540
"Zambia","Singapore",209
"Zambia","South Korea",670
"Zambia","Sri Lanka",410
"Zambia","Taiwan",84
"Zambia","Thailand",1046
"Zambia","Turkey",926
"Zambia","Turkmenistan",6
"Zambia","United Arab Emirates",13325
"Zambia","Vietnam",98
